"","Reservoir","Site","DateTime","Depth_m","Chla_ugL","Pheo_ugL","Flag_Chla","Flag_Pheo","age","year"
"1","CCR",50,2014-04-20 12:00:00,0.1,4,NA,0,2,NA,2014
"2","CCR",50,2014-04-20 12:00:00,5,7.5,NA,0,2,NA,2014
"3","CCR",50,2014-04-20 12:00:00,14,9.2,NA,0,2,NA,2014
"4","CCR",50,2014-05-02 12:00:00,0.1,5.2,NA,0,2,NA,2014
"5","CCR",50,2014-05-02 12:00:00,5,6.9,NA,0,2,NA,2014
"6","CCR",50,2014-05-02 12:00:00,14,4,NA,0,2,NA,2014
"7","CCR",50,2014-05-08 12:00:00,0.1,4,NA,0,2,NA,2014
"8","CCR",50,2014-05-08 12:00:00,6,8.6,NA,0,2,NA,2014
"9","CCR",50,2014-05-08 12:00:00,14,8.1,NA,0,2,NA,2014
"10","CCR",50,2014-05-15 12:00:00,0.1,3.5,NA,0,2,NA,2014
"11","CCR",50,2014-05-15 12:00:00,6,4,NA,0,2,NA,2014
"12","CCR",50,2014-05-15 12:00:00,14,3.5,NA,0,2,NA,2014
"13","CCR",50,2014-05-27 12:00:00,0.1,2.3,NA,0,2,NA,2014
"14","CCR",50,2014-05-27 12:00:00,6,9.8,NA,0,2,NA,2014
"15","CCR",50,2014-05-27 12:00:00,14,8.1,NA,0,2,NA,2014
"16","CCR",50,2014-06-04 12:00:00,0.1,1.7,NA,0,2,NA,2014
"17","CCR",50,2014-06-04 12:00:00,6,3.5,NA,0,2,NA,2014
"18","CCR",50,2014-06-04 12:00:00,20,3.5,NA,0,2,NA,2014
"19","CCR",50,2014-06-12 12:00:00,0.1,3.5,NA,0,2,NA,2014
"20","CCR",50,2014-06-12 12:00:00,6,6.3,NA,0,2,NA,2014
"21","CCR",50,2014-06-12 12:00:00,20,2.3,NA,0,2,NA,2014
"22","CCR",50,2014-07-03 12:00:00,0.1,1.2,NA,0,2,NA,2014
"23","CCR",50,2014-07-03 12:00:00,6,6.9,NA,0,2,NA,2014
"24","CCR",50,2014-07-03 12:00:00,20,9.8,NA,0,2,NA,2014
"25","CCR",50,2014-07-10 12:00:00,0.1,4,NA,0,2,NA,2014
"26","CCR",50,2014-07-10 12:00:00,6,10.9,NA,0,2,NA,2014
"27","CCR",50,2014-07-10 12:00:00,20,17.3,NA,0,2,NA,2014
"28","CCR",50,2014-07-24 12:00:00,0.1,2.9,NA,0,2,NA,2014
"29","CCR",50,2014-07-24 12:00:00,6,10.4,NA,0,2,NA,2014
"30","CCR",50,2014-07-24 12:00:00,20,23,NA,0,2,NA,2014
"31","CCR",50,2014-08-07 12:00:00,0.1,2.9,NA,0,2,NA,2014
"32","CCR",50,2014-08-07 12:00:00,6,10.9,NA,0,2,NA,2014
"33","CCR",50,2014-08-07 12:00:00,20,23,NA,0,2,NA,2014
"34","CCR",50,2014-08-21 12:00:00,0.1,3.5,NA,0,2,NA,2014
"35","CCR",50,2014-08-21 12:00:00,6,8.6,NA,0,2,NA,2014
"36","CCR",50,2014-08-21 12:00:00,19,10.4,NA,0,2,NA,2014
"37","CCR",50,2014-09-05 12:00:00,0.1,2.3,NA,0,2,NA,2014
"38","CCR",50,2014-09-05 12:00:00,6,15,NA,0,2,NA,2014
"39","CCR",50,2014-09-05 12:00:00,19,9.8,NA,0,2,NA,2014
"40","CCR",50,2014-09-19 12:00:00,0.1,7.5,NA,0,2,NA,2014
"41","CCR",50,2014-09-19 12:00:00,6,7.5,NA,0,2,NA,2014
"42","CCR",50,2014-09-19 12:00:00,18,11.5,NA,0,2,NA,2014
"43","CCR",50,2014-10-03 12:00:00,0.1,6.3,NA,0,2,NA,2014
"44","CCR",50,2014-10-03 12:00:00,6,10.9,NA,0,2,NA,2014
"45","CCR",50,2014-10-03 12:00:00,19,9.8,NA,0,2,NA,2014
"46","CCR",50,2014-10-24 12:00:00,0.1,11.5,NA,0,2,NA,2014
"47","CCR",50,2014-10-24 12:00:00,6,14.4,NA,0,2,NA,2014
"48","CCR",50,2014-10-24 12:00:00,20,23,NA,0,2,NA,2014
"49","CLY",50,2014-04-28 12:00:00,0.1,11.5,NA,0,2,NA,2014
"50","CLY",50,2014-04-28 12:00:00,5,10.9,NA,0,2,NA,2014
"51","CLY",50,2014-06-18 12:00:00,0.1,13.2,NA,0,2,NA,2014
"52","CLY",50,2014-06-18 12:00:00,6,19,NA,0,2,NA,2014
"53","CLY",50,2014-06-18 12:00:00,30,3.5,NA,0,2,NA,2014
"54","CLY",50,2014-07-09 12:00:00,0.1,37.4,NA,0,2,NA,2014
"55","CLY",50,2014-08-13 12:00:00,0.1,15.5,NA,0,2,NA,2014
"56","CLY",50,2014-08-13 12:00:00,7,16.1,NA,0,2,NA,2014
"57","CLY",50,2014-08-13 12:00:00,34,5,NA,0,2,NA,2014
"58","GWR",50,2014-04-18 12:00:00,0.1,6.3,NA,0,2,NA,2014
"59","GWR",50,2014-04-18 12:00:00,5,5.8,NA,0,2,NA,2014
"60","GWR",50,2014-04-18 12:00:00,10,1.7,NA,0,2,NA,2014
"61","GWR",50,2014-04-26 12:00:00,0.1,6.3,NA,0,2,NA,2014
"62","GWR",50,2014-04-26 12:00:00,4,8.1,NA,0,2,NA,2014
"63","GWR",50,2014-04-26 12:00:00,10,2.3,NA,0,2,NA,2014
"64","GWR",50,2014-05-09 12:00:00,0.1,5.2,NA,0,2,NA,2014
"65","GWR",50,2014-05-09 12:00:00,5,2.9,NA,0,2,NA,2014
"66","GWR",50,2014-05-09 12:00:00,10,22.4,NA,0,2,NA,2014
"67","GWR",50,2014-05-16 12:00:00,0.1,10.4,NA,0,2,NA,2014
"68","GWR",50,2014-05-16 12:00:00,5,9.8,NA,0,2,NA,2014
"69","GWR",50,2014-05-16 12:00:00,10,3.5,NA,0,2,NA,2014
"70","GWR",50,2014-06-04 12:00:00,0.1,2.9,NA,0,2,NA,2014
"71","GWR",50,2014-06-04 12:00:00,5,10.9,NA,0,2,NA,2014
"72","GWR",50,2014-06-04 12:00:00,12,5.2,NA,0,2,NA,2014
"73","GWR",50,2014-06-16 12:00:00,0.1,1.2,NA,0,2,NA,2014
"74","GWR",50,2014-06-16 12:00:00,5,8.1,NA,0,2,NA,2014
"75","GWR",50,2014-06-16 12:00:00,12,8.6,NA,0,2,NA,2014
"76","GWR",50,2014-06-29 12:00:00,0.1,8.6,NA,0,2,NA,2014
"77","GWR",50,2014-06-29 12:00:00,5,12.7,NA,0,2,NA,2014
"78","GWR",50,2014-06-29 12:00:00,12,6.3,NA,0,2,NA,2014
"79","GWR",50,2014-07-09 12:00:00,0.1,6.3,NA,0,2,NA,2014
"80","GWR",50,2014-07-09 12:00:00,6,21.3,NA,0,2,NA,2014
"81","GWR",50,2014-07-09 12:00:00,12,7.5,NA,0,2,NA,2014
"82","GWR",50,2014-07-25 12:00:00,0.1,8.1,NA,0,2,NA,2014
"83","GWR",50,2014-07-25 12:00:00,5,8.1,NA,0,2,NA,2014
"84","GWR",50,2014-07-25 12:00:00,12,13.2,NA,0,2,NA,2014
"85","GWR",50,2014-08-11 12:00:00,0.1,24.2,NA,0,2,NA,2014
"86","GWR",50,2014-08-11 12:00:00,5,20.7,NA,0,2,NA,2014
"87","GWR",50,2014-08-11 12:00:00,10,16.3,NA,0,2,NA,2014
"88","GWR",50,2014-08-22 12:00:00,0.1,10.4,NA,0,2,NA,2014
"89","GWR",50,2014-08-22 12:00:00,5,19,NA,0,2,NA,2014
"90","GWR",50,2014-08-22 12:00:00,10,18.2,NA,0,2,NA,2014
"91","GWR",50,2014-09-07 12:00:00,0.1,6.3,NA,0,2,NA,2014
"92","GWR",50,2014-09-07 12:00:00,5,28.2,NA,0,2,NA,2014
"93","GWR",50,2014-09-07 12:00:00,12,32.8,NA,0,2,NA,2014
"94","GWR",50,2014-09-30 12:00:00,0.1,14.4,NA,0,2,NA,2014
"95","GWR",50,2014-09-30 12:00:00,5,16.1,NA,0,2,NA,2014
"96","GWR",50,2014-09-30 12:00:00,12,54.1,NA,0,2,NA,2014
"97","SHR",50,2014-05-02 12:00:00,0.1,0.6,NA,0,2,NA,2014
"98","SHR",50,2014-05-02 12:00:00,5,0.6,NA,0,2,NA,2014
"99","SHR",50,2014-05-02 12:00:00,14,1.2,NA,0,2,NA,2014
"100","SHR",50,2014-05-08 12:00:00,0.1,1.2,NA,0,2,NA,2014
"101","SHR",50,2014-05-08 12:00:00,8,0.6,NA,0,2,NA,2014
"102","SHR",50,2014-05-08 12:00:00,14,0.6,NA,0,2,NA,2014
"103","SHR",50,2014-05-30 12:00:00,0.1,0.6,NA,0,2,NA,2014
"104","SHR",50,2014-05-30 12:00:00,8,2.9,NA,0,2,NA,2014
"105","SHR",50,2014-05-30 12:00:00,25,1.2,NA,0,2,NA,2014
"106","SHR",50,2014-06-12 12:00:00,0.1,1.2,NA,0,2,NA,2014
"107","SHR",50,2014-06-12 12:00:00,8,2.9,NA,0,2,NA,2014
"108","SHR",50,2014-06-12 12:00:00,28,1.7,NA,0,2,NA,2014
"109","SHR",50,2014-07-10 12:00:00,0.1,1.7,NA,0,2,NA,2014
"110","SHR",50,2014-07-10 12:00:00,7,1.7,NA,0,2,NA,2014
"111","SHR",50,2014-07-10 12:00:00,28,0.6,NA,0,2,NA,2014
"112","SHR",50,2014-07-24 12:00:00,0.1,1.7,NA,0,2,NA,2014
"113","SHR",50,2014-07-24 12:00:00,7,1.2,NA,0,2,NA,2014
"114","SHR",50,2014-07-24 12:00:00,28,1.7,NA,0,2,NA,2014
"115","SHR",50,2014-08-07 12:00:00,0.1,1.2,NA,0,2,NA,2014
"116","SHR",50,2014-08-07 12:00:00,7,1.7,NA,0,2,NA,2014
"117","SHR",50,2014-08-07 12:00:00,28,0.6,NA,0,2,NA,2014
"118","SHR",50,2014-09-05 12:00:00,0.1,1.2,NA,0,2,NA,2014
"119","SHR",50,2014-09-05 12:00:00,7,1.7,NA,0,2,NA,2014
"120","SHR",50,2014-09-05 12:00:00,28,0,NA,0,2,NA,2014
"121","SHR",50,2014-10-03 12:00:00,0.1,2.9,NA,0,2,NA,2014
"122","SHR",50,2014-10-03 12:00:00,8,5.2,NA,0,2,NA,2014
"123","SHR",50,2014-10-03 12:00:00,28,0.6,NA,0,2,NA,2014
"124","SHR",50,2014-10-24 12:00:00,0.1,2.3,NA,0,2,NA,2014
"125","SHR",50,2014-10-24 12:00:00,7,2.9,NA,0,2,NA,2014
"126","SHR",50,2014-10-24 12:00:00,28,0,NA,0,2,NA,2014
"127","SML",50,2014-05-06 12:00:00,0.1,35.7,NA,0,2,NA,2014
"128","SML",50,2014-05-06 12:00:00,8,8.1,NA,0,2,NA,2014
"129","SML",50,2014-05-06 12:00:00,30,2.3,NA,0,2,NA,2014
"130","SML",50,2014-06-03 12:00:00,0.1,8.6,NA,0,2,NA,2014
"131","SML",50,2014-06-03 12:00:00,0.1,10.4,NA,0,2,NA,2014
"132","SML",50,2014-06-03 12:00:00,8,13.8,NA,0,2,NA,2014
"133","SML",50,2014-06-03 12:00:00,8,6.3,NA,0,2,NA,2014
"134","SML",50,2014-06-03 12:00:00,25,1.2,NA,0,2,NA,2014
"135","SML",50,2014-06-10 12:00:00,0.1,2.9,NA,0,2,NA,2014
"136","SML",50,2014-06-10 12:00:00,8,9.2,NA,0,2,NA,2014
"137","SML",50,2014-06-24 12:00:00,0.1,2.9,NA,0,2,NA,2014
"138","SML",50,2014-06-24 12:00:00,7,2.9,NA,0,2,NA,2014
"139","SML",50,2014-06-24 12:00:00,25,2.3,NA,0,2,NA,2014
"140","SML",50,2014-07-08 12:00:00,0.1,4.6,NA,0,2,NA,2014
"141","SML",50,2014-07-08 12:00:00,7,5.2,NA,0,2,NA,2014
"142","SML",50,2014-07-08 12:00:00,25,1.7,NA,0,2,NA,2014
"143","SML",50,2014-07-22 12:00:00,0.1,5.2,NA,0,2,NA,2014
"144","SML",50,2014-07-22 12:00:00,7,4,NA,0,2,NA,2014
"145","SML",50,2014-07-22 12:00:00,25,3.5,NA,0,2,NA,2014
"146","SML",50,2014-08-05 12:00:00,0.1,4.6,NA,0,2,NA,2014
"147","SML",50,2014-08-05 12:00:00,6,4.6,NA,0,2,NA,2014
"148","SML",50,2014-08-05 12:00:00,28,0.6,NA,0,2,NA,2014
"149","SML",50,2014-08-19 12:00:00,0.1,7.5,NA,0,2,NA,2014
"150","SML",50,2014-08-19 12:00:00,7,2.3,NA,0,2,NA,2014
"151","SML",50,2014-08-19 12:00:00,25,1.2,NA,0,2,NA,2014
"152","SML",50,2014-09-23 12:00:00,0.1,13.2,NA,0,2,NA,2014
"153","SML",50,2014-09-23 12:00:00,8,5.1,NA,0,2,NA,2014
"154","SML",50,2014-09-23 12:00:00,28,1.2,NA,0,2,NA,2014
"155","BVR",50,2015-08-13 12:00:00,0.1,2.9,1.7,0,0,NA,2015
"156","BVR",50,2015-08-13 12:00:00,3,4.6,2,0,0,NA,2015
"157","BVR",50,2015-08-13 12:00:00,6,25.9,13.9,0,0,NA,2015
"158","BVR",50,2015-08-13 12:00:00,9,26.5,2.5,0,0,NA,2015
"159","BVR",50,2015-08-13 12:00:00,12,51.9,2.1,0,4,NA,2015
"160","BVR",50,2015-08-20 12:00:00,0.1,7.5,5.4,0,0,NA,2015
"161","BVR",50,2015-08-20 12:00:00,3,8.6,3,0,0,NA,2015
"162","BVR",50,2015-08-20 12:00:00,6,34,15.8,0,0,NA,2015
"163","BVR",50,2015-08-20 12:00:00,9,38.4,5.8,0,0,NA,2015
"164","BVR",50,2015-08-20 12:00:00,12,54.8,32.4,0,0,NA,2015
"165","BVR",50,2015-09-04 12:00:00,0.1,6.9,1,0,0,NA,2015
"166","BVR",50,2015-09-04 12:00:00,3,5.2,1,0,0,NA,2015
"167","BVR",50,2015-09-04 12:00:00,6,6.3,4.4,0,0,NA,2015
"168","BVR",50,2015-09-04 12:00:00,9,28.8,2.1,0,4,NA,2015
"169","BVR",50,2015-09-04 12:00:00,12,26.9,6.3,0,0,NA,2015
"170","BVR",50,2015-09-18 12:00:00,0.1,2.3,2.3,0,0,NA,2015
"171","BVR",50,2015-09-18 12:00:00,3,4,1.8,0,0,NA,2015
"172","BVR",50,2015-09-18 12:00:00,6,6.3,5.7,0,0,NA,2015
"173","BVR",50,2015-09-18 12:00:00,9,25,5.5,0,0,NA,2015
"174","BVR",50,2015-09-18 12:00:00,12,32.7,3.3,0,0,NA,2015
"175","BVR",50,2015-10-02 12:00:00,0.1,4.6,12.4,0,0,NA,2015
"176","BVR",50,2015-10-02 12:00:00,3,10.6,1.2,0,0,NA,2015
"177","BVR",50,2015-10-02 12:00:00,6,2.9,-0.8,0,4,NA,2015
"178","BVR",50,2015-10-02 12:00:00,9,13,2.6,0,0,NA,2015
"179","BVR",50,2015-10-02 12:00:00,12,11.5,-1.2,0,4,NA,2015
"180","BVR",50,2015-10-23 12:00:00,0.1,3.5,-1,0,4,NA,2015
"181","BVR",50,2015-10-23 12:00:00,3,2.3,-0.6,0,4,NA,2015
"182","BVR",50,2015-10-23 12:00:00,6,5.2,-1,0,4,NA,2015
"183","BVR",50,2015-10-23 12:00:00,9,19.2,-1.2,0,4,NA,2015
"184","BVR",50,2015-10-23 12:00:00,12,34.6,-1.4,0,4,NA,2015
"185","CCR",50,2015-05-08 12:00:00,0.1,3.5,-0.1,0,4,NA,2015
"186","CCR",50,2015-05-08 12:00:00,6,1.7,2,0,0,NA,2015
"187","CCR",50,2015-05-08 12:00:00,21,1.7,-0.1,0,4,NA,2015
"188","CCR",50,2015-05-22 12:00:00,0.1,1.2,1.3,0,0,NA,2015
"189","CCR",50,2015-05-22 12:00:00,6,2.3,1.4,0,0,NA,2015
"190","CCR",50,2015-05-22 12:00:00,21,4,5.5,0,0,NA,2015
"191","CCR",50,2015-05-29 12:00:00,0.1,1.2,-0.3,0,4,NA,2015
"192","CCR",50,2015-05-29 12:00:00,6,1.7,0.3,0,4,NA,2015
"193","CCR",50,2015-05-29 12:00:00,21,1.7,2.4,0,0,NA,2015
"194","CCR",50,2015-06-12 12:00:00,0.1,0,0.4,4,4,NA,2015
"195","CCR",50,2015-06-12 12:00:00,6,1.7,1.6,0,0,NA,2015
"196","CCR",50,2015-06-26 12:00:00,0.1,0.6,1.1,4,0,NA,2015
"197","CCR",50,2015-06-26 12:00:00,6,2.9,2.1,0,0,NA,2015
"198","CCR",50,2015-06-26 12:00:00,21,3.8,6.5,0,0,NA,2015
"199","CCR",50,2015-07-10 12:00:00,0.1,1.2,-0.3,0,4,NA,2015
"200","CCR",50,2015-07-10 12:00:00,6,4,0.9,0,0,NA,2015
"201","CCR",50,2015-07-10 12:00:00,20,1.7,4.5,0,0,NA,2015
"202","CCR",50,2015-07-24 12:00:00,0.1,1.7,0.3,0,4,NA,2015
"203","CCR",50,2015-07-24 12:00:00,6,1.7,1.2,0,0,NA,2015
"204","CCR",50,2015-07-24 12:00:00,20,1.9,0.8,0,4,NA,2015
"205","CCR",50,2015-08-07 12:00:00,0.1,1.2,-0.3,0,4,NA,2015
"206","CCR",50,2015-08-07 12:00:00,6,1.7,-0.9,0,4,NA,2015
"207","CCR",50,2015-08-07 12:00:00,20,1.9,0.8,0,4,NA,2015
"208","CCR",50,2015-08-26 12:00:00,0.1,0.6,1.1,4,0,NA,2015
"209","CCR",50,2015-08-26 12:00:00,6,1.2,1.3,0,0,NA,2015
"210","CCR",50,2015-08-26 12:00:00,20,1,2.5,4,0,NA,2015
"211","CCR",50,2015-09-09 12:00:00,0.1,1.2,0.1,0,4,NA,2015
"212","CCR",50,2015-09-09 12:00:00,6,1.2,0.9,0,0,NA,2015
"213","CCR",50,2015-09-09 12:00:00,19,2.9,2,0,0,NA,2015
"214","CCR",50,2015-09-23 12:00:00,0.1,1.7,-0.1,0,4,NA,2015
"215","CCR",50,2015-09-23 12:00:00,6,2.9,0.4,0,4,NA,2015
"216","CCR",50,2015-09-23 12:00:00,19,1,0.4,4,4,NA,2015
"217","CCR",50,2015-10-28 12:00:00,0.1,6.3,-0.5,0,4,NA,2015
"218","CCR",50,2015-10-28 12:00:00,6,5.8,0.9,0,0,NA,2015
"219","CCR",50,2015-10-28 12:00:00,20,0,-2.1,4,4,NA,2015
"220","FCR",50,2015-08-03 12:00:00,1.6,4.8,3.5,0,0,NA,2015
"221","FCR",50,2015-08-03 12:00:00,3.8,42.3,36.6,0,0,NA,2015
"222","FCR",50,2015-08-03 12:00:00,5,71.1,23,0,0,NA,2015
"223","FCR",50,2015-08-03 12:00:00,6.2,17.3,7.6,0,0,NA,2015
"224","FCR",50,2015-08-03 12:00:00,9,9.6,1.5,0,4,NA,2015
"225","FCR",50,2015-08-10 12:00:00,1.6,9.2,-1.8,0,4,NA,2015
"226","FCR",50,2015-08-10 12:00:00,3.8,51.9,22.8,0,0,NA,2015
"227","FCR",50,2015-08-10 12:00:00,5,70.6,15.5,0,0,NA,2015
"228","FCR",50,2015-08-10 12:00:00,6.2,15.9,8,0,0,NA,2015
"229","FCR",50,2015-08-10 12:00:00,9,3.8,0.3,0,4,NA,2015
"230","FCR",50,2015-08-17 12:00:00,1.6,10.4,2.9,0,0,NA,2015
"231","FCR",50,2015-08-17 12:00:00,3.8,26.5,20,0,0,NA,2015
"232","FCR",50,2015-08-17 12:00:00,5,33.6,16.9,0,0,NA,2015
"233","FCR",50,2015-08-17 12:00:00,6.2,24,11.3,0,0,NA,2015
"234","FCR",50,2015-08-17 12:00:00,9,3.5,2.4,0,0,NA,2015
"235","FCR",50,2015-08-24 12:00:00,1.6,15.4,2.6,0,0,NA,2015
"236","FCR",50,2015-08-24 12:00:00,3.8,27.4,30.7,0,0,NA,2015
"237","FCR",50,2015-08-24 12:00:00,5,69.2,15.2,0,0,NA,2015
"238","FCR",50,2015-08-24 12:00:00,6.2,17.3,8.6,0,0,NA,2015
"239","FCR",50,2015-08-24 12:00:00,9,2.9,2.5,0,0,NA,2015
"240","FCR",50,2015-09-07 12:00:00,1.6,15.4,2.6,0,0,NA,2015
"241","FCR",50,2015-09-07 12:00:00,3.8,32.7,10.2,0,0,NA,2015
"242","FCR",50,2015-09-07 12:00:00,5,28.8,4.4,0,0,NA,2015
"243","FCR",50,2015-09-07 12:00:00,6.2,40.3,16.4,0,0,NA,2015
"244","FCR",50,2015-09-07 12:00:00,9,8.6,3.8,0,0,NA,2015
"245","FCR",50,2015-09-14 12:00:00,1.6,14.4,8.4,0,0,NA,2015
"246","FCR",50,2015-09-14 12:00:00,3.8,13.4,-1,0,4,NA,2015
"247","FCR",50,2015-09-14 12:00:00,5,28.8,12.7,0,0,NA,2015
"248","FCR",50,2015-09-14 12:00:00,6.2,20.2,6.8,0,0,NA,2015
"249","FCR",50,2015-09-14 12:00:00,9,5.1,1.3,0,4,NA,2015
"250","FCR",50,2015-09-21 12:00:00,1.6,6.7,3,0,0,NA,2015
"251","FCR",50,2015-09-21 12:00:00,3.8,6.7,1.6,0,0,NA,2015
"252","FCR",50,2015-09-21 12:00:00,5,57.6,15,0,0,NA,2015
"253","FCR",50,2015-09-21 12:00:00,6.2,23.1,7,0,0,NA,2015
"254","FCR",50,2015-09-21 12:00:00,9,13,11.9,0,0,NA,2015
"255","FCR",50,2015-09-28 12:00:00,1.6,11.5,3.7,0,0,NA,2015
"256","FCR",50,2015-09-28 12:00:00,3.8,0,20.1,4,0,NA,2015
"257","FCR",50,2015-09-28 12:00:00,5,8.1,5.2,0,0,NA,2015
"258","FCR",50,2015-09-28 12:00:00,6.2,11.5,3,0,4,NA,2015
"259","FCR",50,2015-09-28 12:00:00,9,8.6,1.7,0,0,NA,2015
"260","FCR",50,2015-10-05 12:00:00,1.6,7.7,6.1,0,0,NA,2015
"261","FCR",50,2015-10-05 12:00:00,3.8,3.5,3.6,0,0,NA,2015
"262","FCR",50,2015-10-05 12:00:00,5,6.7,3.7,0,0,NA,2015
"263","FCR",50,2015-10-05 12:00:00,6.2,5.8,5.3,0,0,NA,2015
"264","FCR",50,2015-10-05 12:00:00,9,3.5,4,0,0,NA,2015
"265","FCR",50,2015-10-19 12:00:00,1.6,2.3,-2.3,0,4,NA,2015
"266","FCR",50,2015-10-19 12:00:00,3.8,2.9,-0.8,0,4,NA,2015
"267","FCR",50,2015-10-19 12:00:00,5,2.9,-0.4,0,4,NA,2015
"268","FCR",50,2015-10-19 12:00:00,6.2,1.7,-0.5,0,4,NA,2015
"269","FCR",50,2015-10-19 12:00:00,9,1.7,-0.1,0,4,NA,2015
"270","FCR",50,2015-11-09 12:00:00,1.6,4.9,0.4,0,4,NA,2015
"271","FCR",50,2015-11-09 12:00:00,3.8,4.3,-0.2,0,4,NA,2015
"272","FCR",50,2015-11-09 12:00:00,5,10.1,-1.8,0,4,NA,2015
"273","FCR",50,2015-11-09 12:00:00,6.2,2.9,-1.6,0,4,NA,2015
"274","FCR",50,2015-11-09 12:00:00,9,3.5,-1.4,0,4,NA,2015
"275","GWR",50,2014-05-20 12:00:00,9,0.6,1.5,4,0,NA,2014
"276","GWR",50,2015-05-09 12:00:00,0.1,1.2,2.2,0,0,NA,2015
"277","GWR",50,2015-05-09 12:00:00,5,5.2,1.9,0,0,NA,2015
"278","GWR",50,2015-05-09 12:00:00,14,0.6,1.5,4,0,NA,2015
"279","GWR",50,2015-05-20 12:00:00,5,10.4,6.6,0,0,NA,2015
"280","GWR",50,2015-05-20 12:00:00,13,0.6,0.3,4,4,NA,2015
"281","GWR",50,2015-05-30 12:00:00,0.1,4.6,2,0,0,NA,2015
"282","GWR",50,2015-05-30 12:00:00,5,8.1,5.6,0,0,NA,2015
"283","GWR",50,2015-05-30 12:00:00,9,1.7,0.8,0,0,NA,2015
"284","GWR",50,2015-05-30 12:00:00,13,0.6,1.5,4,0,NA,2015
"285","GWR",50,2015-06-10 12:00:00,0.1,2.3,0.6,0,4,NA,2015
"286","GWR",50,2015-06-10 12:00:00,5,2.3,4.7,0,0,NA,2015
"287","GWR",50,2015-06-10 12:00:00,9,1.2,1.3,0,0,NA,2015
"288","GWR",50,2015-06-10 12:00:00,14,1.7,-0.1,0,4,NA,2015
"289","GWR",50,2015-06-22 12:00:00,0.1,1.2,0.1,0,4,NA,2015
"290","GWR",50,2015-06-22 12:00:00,5,8.1,4,0,0,NA,2015
"291","GWR",50,2015-06-22 12:00:00,9,1.7,1.2,0,0,NA,2015
"292","GWR",50,2015-06-22 12:00:00,14,1.9,0.2,0,4,NA,2015
"293","GWR",50,2015-07-05 12:00:00,5,12.1,9.1,0,0,NA,2015
"294","GWR",50,2015-07-06 12:00:00,0.1,3.5,1.9,0,0,NA,2015
"295","GWR",50,2015-07-06 12:00:00,9,1.2,2.6,0,0,NA,2015
"296","GWR",50,2015-07-06 12:00:00,14,2.9,2,0,0,NA,2015
"297","GWR",50,2015-07-20 12:00:00,0.1,2.3,0.6,0,4,NA,2015
"298","GWR",50,2015-07-20 12:00:00,5,5.8,3.4,0,0,NA,2015
"299","GWR",50,2015-07-20 12:00:00,9,2.3,1.8,0,0,NA,2015
"300","GWR",50,2015-07-20 12:00:00,14,0.6,1.5,4,0,NA,2015
"301","GWR",50,2015-07-26 12:00:00,0.1,1.7,2,0,0,NA,2015
"302","GWR",50,2015-08-03 12:00:00,0.1,1.7,2,0,0,NA,2015
"303","GWR",50,2015-08-03 12:00:00,6,4.6,6.6,0,0,NA,2015
"304","GWR",50,2015-08-03 12:00:00,9,2.9,0.7,0,4,NA,2015
"305","GWR",50,2015-08-03 12:00:00,13,1,1.8,4,0,NA,2015
"306","GWR",50,2015-08-15 12:00:00,0.1,2.3,1,0,0,NA,2015
"307","GWR",50,2015-08-15 12:00:00,5,4,0.9,0,0,NA,2015
"308","GWR",50,2015-08-15 12:00:00,9,9.6,4.2,0,0,NA,2015
"309","GWR",50,2015-08-15 12:00:00,13.5,4.3,0.9,0,4,NA,2015
"310","GWR",50,2015-08-30 12:00:00,0.1,2.9,1.3,0,0,NA,2015
"311","GWR",50,2015-08-30 12:00:00,5,2.9,2.9,0,0,NA,2015
"312","GWR",50,2015-08-30 12:00:00,9,7.2,3.2,0,0,NA,2015
"313","GWR",50,2015-08-30 12:00:00,12,10.1,2.4,0,0,NA,2015
"314","GWR",50,2015-09-17 12:00:00,0.1,3.5,-0.1,0,4,NA,2015
"315","GWR",50,2015-09-17 12:00:00,8,11.5,6.5,0,0,NA,2015
"316","GWR",50,2015-09-17 12:00:00,12,11.5,4,0,0,NA,2015
"317","SHR",50,2015-05-08 12:00:00,0.1,0.6,-0.6,4,4,NA,2015
"318","SHR",50,2015-05-08 12:00:00,8,1.2,-1.2,0,4,NA,2015
"319","SHR",50,2015-05-08 12:00:00,28,1.2,-1.2,0,4,NA,2015
"320","SHR",50,2015-05-22 12:00:00,0.1,1.2,0.1,0,4,NA,2015
"321","SHR",50,2015-05-22 12:00:00,8,1.2,0.5,0,4,NA,2015
"322","SHR",50,2015-05-22 12:00:00,28,1.2,-1.2,0,4,NA,2015
"323","SHR",50,2015-05-29 12:00:00,0.1,1.2,0.1,0,4,NA,2015
"324","SHR",50,2015-05-29 12:00:00,8,2.3,-0.2,0,4,NA,2015
"325","SHR",50,2015-05-29 12:00:00,31,0.6,0.3,4,4,NA,2015
"326","SHR",50,2015-06-12 12:00:00,0.1,1.2,0.1,0,4,NA,2015
"327","SHR",50,2015-06-12 12:00:00,8,3.5,0.3,0,4,NA,2015
"328","SHR",50,2015-06-12 12:00:00,31,1.2,0.5,0,4,NA,2015
"329","SHR",50,2015-06-26 12:00:00,0.1,0.6,0.7,4,4,NA,2015
"330","SHR",50,2015-06-26 12:00:00,8,2.3,1.4,0,0,NA,2015
"331","SHR",50,2015-06-26 12:00:00,31,1.2,1.3,0,0,NA,2015
"332","SHR",50,2015-07-10 12:00:00,0.1,0.6,0.3,4,4,NA,2015
"333","SHR",50,2015-07-10 12:00:00,8,1.2,0.1,0,4,NA,2015
"334","SHR",50,2015-07-10 12:00:00,31,0,0.4,4,4,NA,2015
"335","SHR",50,2015-07-24 12:00:00,0.1,0,0,4,4,NA,2015
"336","SHR",50,2015-07-24 12:00:00,8,0.6,0.7,4,4,NA,2015
"337","SHR",50,2015-07-24 12:00:00,31,0.6,-1,4,4,NA,2015
"338","SHR",50,2015-08-07 12:00:00,8,1.2,NA,2,2,NA,2015
"339","SHR",50,2015-08-26 12:00:00,0.1,1.2,NA,2,2,NA,2015
"340","SHR",50,2015-09-09 12:00:00,8,1.2,6.3,2,2,NA,2015
"341","FCR",50,2016-04-25 12:00:00,3.8,2.1,0.4,1,1,NA,2016
"342","FCR",50,2016-04-25 12:00:00,5,3.5,2,1,1,NA,2016
"343","FCR",50,2016-05-02 12:00:00,1.6,3.5,0,1,1,NA,2016
"344","FCR",50,2016-05-02 12:00:00,6.2,4.8,2.6,0,0,NA,2016
"345","FCR",50,2016-05-09 12:00:00,3.8,4.2,2.3,0,0,NA,2016
"346","FCR",50,2016-05-09 12:00:00,5,5.5,2.4,0,0,NA,2016
"347","FCR",50,2016-05-16 12:00:00,5,8.2,3.6,0,0,NA,2016
"348","FCR",50,2016-05-16 12:00:00,6.2,6.9,3.4,0,0,NA,2016
"349","FCR",50,2016-05-23 12:00:00,5,11.9,5.2,0,0,NA,2016
"350","FCR",50,2016-05-23 12:00:00,6,10.4,5.6,0,0,NA,2016
"351","FCR",50,2016-05-30 12:00:00,1.6,4.2,0.8,1,1,NA,2016
"352","FCR",50,2016-05-30 12:00:00,1.6,4.2,3.8,0,0,NA,2016
"353","FCR",50,2016-05-30 12:00:00,5,4.2,3.3,0,0,NA,2016
"354","FCR",50,2016-05-30 12:00:00,6.2,4.2,2.3,1,1,NA,2016
"355","FCR",50,2016-05-31 12:00:00,5,4.8,3.1,0,0,NA,2016
"356","FCR",50,2016-05-31 12:00:00,6.2,4.8,4.6,0,0,NA,2016
"357","FCR",50,2016-06-02 12:00:00,1.6,4.8,2.6,0,0,NA,2016
"358","FCR",50,2016-06-02 12:00:00,5,5.5,2.9,0,0,NA,2016
"359","FCR",50,2016-06-06 12:00:00,3.8,11.1,2.9,0,0,NA,2016
"360","FCR",50,2016-06-06 12:00:00,5,9.7,2.8,0,0,NA,2016
"361","FCR",50,2016-06-13 12:00:00,1.6,4.2,1.8,0,0,NA,2016
"362","FCR",50,2016-06-13 12:00:00,3.8,11.4,2.8,0,0,NA,2016
"363","FCR",50,2016-06-13 12:00:00,5,9,3.5,0,0,NA,2016
"364","FCR",50,2016-06-20 12:00:00,3.8,13.4,7.8,0,0,NA,2016
"365","FCR",50,2016-06-20 12:00:00,5,12.3,7.8,0,0,NA,2016
"366","FCR",50,2016-06-27 12:00:00,3.8,9.7,7.2,0,0,NA,2016
"367","FCR",50,2016-06-27 12:00:00,5,9.8,7.1,0,0,NA,2016
"368","FCR",50,2016-06-28 12:00:00,1.6,5.2,3.8,0,0,NA,2016
"369","FCR",50,2016-06-28 12:00:00,3.8,6.1,4.5,0,0,NA,2016
"370","FCR",50,2016-06-28 12:00:00,5,6.9,4.2,0,0,NA,2016
"371","FCR",50,2016-06-30 12:00:00,4.1,6.9,3.9,0,0,NA,2016
"372","FCR",50,2016-06-30 12:00:00,5,7.5,5.8,0,0,NA,2016
"373","FCR",50,2016-07-05 12:00:00,1.6,7.8,4.2,0,0,NA,2016
"374","FCR",50,2016-07-05 12:00:00,3.8,10.7,6,0,0,NA,2016
"375","FCR",50,2016-07-11 12:00:00,3.8,7.9,4,0,0,NA,2016
"376","FCR",50,2016-07-11 12:00:00,5,11.1,4.8,0,0,NA,2016
"377","FCR",50,2016-07-18 12:00:00,3.8,11.5,4.7,0,0,NA,2016
"378","FCR",50,2016-07-18 12:00:00,5,7.1,3.7,0,0,NA,2016
"379","FCR",50,2016-07-25 12:00:00,3.8,3.9,0.7,3,3,NA,2016
"380","FCR",50,2016-07-25 12:00:00,6,18.7,2.7,3,3,NA,2016
"381","FCR",50,2016-07-27 12:00:00,4,6.5,2,3,3,NA,2016
"382","FCR",50,2016-07-27 12:00:00,7,24.9,5.2,3,3,NA,2016
"383","FCR",50,2016-08-01 12:00:00,2.8,8.5,1.7,3,3,NA,2016
"384","FCR",50,2016-08-01 12:00:00,4.5,7.5,1.9,3,3,NA,2016
"385","FCR",50,2016-08-01 12:00:00,6.2,57.1,12.7,3,3,NA,2016
"386","FCR",50,2016-08-08 12:00:00,1.6,7,2.2,0,0,NA,2016
"387","FCR",50,2016-08-08 12:00:00,5,56.7,12.8,3,3,NA,2016
"388","FCR",50,2016-08-15 12:00:00,3.8,10.8,6.3,3,3,NA,2016
"389","FCR",50,2016-08-15 12:00:00,5,25.9,10.7,3,3,NA,2016
"390","FCR",50,2016-08-26 12:00:00,3.8,16.1,13.3,3,3,NA,2016
"391","FCR",50,2016-08-26 12:00:00,5,34.2,18.3,3,3,NA,2016
"392","FCR",50,2016-09-02 12:00:00,1.6,10.6,5.9,0,0,NA,2016
"393","FCR",50,2016-09-02 12:00:00,3.8,11.4,14.8,0,0,NA,2016
"394","FCR",50,2016-09-09 12:00:00,3.8,20.8,11.9,0,0,NA,2016
"395","FCR",50,2016-09-09 12:00:00,5,21.8,14.8,0,0,NA,2016
"396","FCR",50,2016-09-20 12:00:00,1.6,13.1,7.4,0,0,NA,2016
"397","FCR",50,2016-09-20 12:00:00,5,11.8,6.9,0,0,NA,2016
"398","FCR",50,2016-09-30 12:00:00,2,14.5,6.1,0,0,NA,2016
"399","FCR",50,2016-09-30 12:00:00,6,28.2,9.5,0,0,NA,2016
"400","FCR",50,2016-10-07 12:00:00,1.6,12.1,5.3,0,0,NA,2016
"401","FCR",50,2016-10-07 12:00:00,5,7.3,5.1,0,0,NA,2016
"402","BVR",50,2016-04-20 12:00:00,6,3.9,2.9,0,0,NA,2016
"403","BVR",50,2016-05-04 12:00:00,7,8.3,1.7,0,0,NA,2016
"404","BVR",50,2016-05-12 12:00:00,7.5,8.3,1.7,0,0,NA,2016
"405","BVR",50,2016-05-19 12:00:00,7,8.6,4.2,0,0,NA,2016
"406","BVR",50,2016-05-26 12:00:00,9,56.7,9.5,0,0,NA,2016
"407","BVR",50,2016-05-29 12:00:00,9,46.3,9.9,0,0,NA,2016
"408","BVR",50,2016-05-31 12:00:00,9,38,10.3,0,0,NA,2016
"409","BVR",50,2016-06-02 12:00:00,7,15.2,5.2,0,0,NA,2016
"410","BVR",50,2016-06-08 12:00:00,6,3.5,2.9,0,0,NA,2016
"411","BVR",50,2016-06-08 12:00:00,9,68.7,10.7,0,0,NA,2016
"412","BVR",50,2016-06-16 12:00:00,6,2.9,1,0,0,NA,2016
"413","BVR",50,2016-06-16 12:00:00,9,76.7,15.1,0,0,NA,2016
"414","BVR",50,2016-06-23 12:00:00,5,5.4,2,0,0,NA,2016
"415","BVR",50,2016-06-23 12:00:00,9,48.1,10.2,0,0,NA,2016
"416","BVR",50,2016-06-26 12:00:00,6,9.2,4.7,0,0,NA,2016
"417","BVR",50,2016-06-26 12:00:00,9,85.8,16.1,0,0,NA,2016
"418","BVR",50,2016-06-28 12:00:00,4,5.5,1.7,0,0,NA,2016
"419","BVR",50,2016-06-28 12:00:00,9,95.1,13.5,0,0,NA,2016
"420","BVR",50,2016-06-30 12:00:00,4,8.6,3.8,0,0,NA,2016
"421","BVR",50,2016-06-30 12:00:00,9,158,22,0,0,NA,2016
"422","BVR",50,2016-07-07 12:00:00,5,13.4,6.1,0,0,NA,2016
"423","BVR",50,2016-07-07 12:00:00,9,93.6,12.9,0,0,NA,2016
"424","BVR",50,2016-07-14 12:00:00,4,13.8,6.8,0,0,NA,2016
"425","BVR",50,2016-07-14 12:00:00,7.5,54.6,14.8,0,0,NA,2016
"426","BVR",50,2016-07-21 12:00:00,5,17.6,4.8,3,3,NA,2016
"427","BVR",50,2016-07-21 12:00:00,7,74.7,5.7,3,3,NA,2016
"428","BVR",50,2016-07-24 12:00:00,6.8,41.2,8.6,3,3,NA,2016
"429","BVR",50,2016-07-28 12:00:00,4,6.7,1.4,3,3,NA,2016
"430","BVR",50,2016-07-28 12:00:00,7,33.4,9.3,3,3,NA,2016
"431","BVR",50,2016-08-04 12:00:00,7,68.8,10.6,3,3,NA,2016
"432","BVR",50,2016-08-11 12:00:00,3.5,11.3,2.9,0,0,NA,2016
"433","BVR",50,2016-08-11 12:00:00,7,55.7,7.1,3,3,NA,2016
"434","BVR",50,2016-08-18 12:00:00,4,9.1,1.3,3,3,NA,2016
"435","BVR",50,2016-08-18 12:00:00,6,19,3.4,3,3,NA,2016
"436","BVR",50,2016-08-23 12:00:00,4,17.5,6.7,0,0,NA,2016
"437","BVR",50,2016-08-23 12:00:00,6.5,68.1,15,0,0,NA,2016
"438","BVR",50,2016-09-06 12:00:00,3,8.3,3.2,0,0,NA,2016
"439","BVR",50,2016-09-06 12:00:00,7,31.5,16.1,0,0,NA,2016
"440","BVR",50,2016-09-17 12:00:00,3,12.8,5.1,0,0,NA,2016
"441","BVR",50,2016-09-17 12:00:00,6,130.7,NA,0,2,NA,2016
"442","BVR",50,2016-09-27 12:00:00,1.5,10.6,7,0,0,NA,2016
"443","BVR",50,2016-09-27 12:00:00,7,11,7.9,0,0,NA,2016
"444","BVR",50,2016-10-11 12:00:00,3,6.1,3.6,0,0,NA,2016
"445","BVR",50,2016-10-11 12:00:00,9,74.8,NA,0,2,NA,2016
"446","BVR",50,2016-10-25 12:00:00,3,5.2,2.1,0,0,NA,2016
"447","BVR",50,2018-05-04 12:00:00,0.1,3,0.4,0,0,NA,2018
"448","BVR",50,2018-05-04 12:00:00,0.1,2.6,0.7,0,0,NA,2018
"449","BVR",50,2018-05-04 12:00:00,3,4.5,1.7,0,0,NA,2018
"450","BVR",50,2018-05-04 12:00:00,6,16.2,-17.9,4,4,NA,2018
"451","BVR",50,2018-05-11 12:00:00,0.1,3.2,0.6,0,0,NA,2018
"452","BVR",50,2018-05-11 12:00:00,3,3.5,1.1,0,0,NA,2018
"453","BVR",50,2018-05-11 12:00:00,6,2.9,2.3,0,0,NA,2018
"454","FCR",50,2018-04-23 12:00:00,0.1,1.9,1,0,0,NA,2018
"455","FCR",50,2018-04-23 12:00:00,1.6,1.9,0.7,0,0,NA,2018
"456","FCR",50,2018-04-23 12:00:00,3.8,3.7,2.6,0,0,NA,2018
"457","FCR",50,2018-04-23 12:00:00,3.8,3.7,1.6,0,0,NA,2018
"458","FCR",50,2018-04-23 12:00:00,5,8.4,3.6,0,0,NA,2018
"459","FCR",50,2018-05-07 12:00:00,0.1,1.9,0.4,0,0,NA,2018
"460","FCR",50,2018-05-07 12:00:00,0.1,1.9,0.3,0,0,NA,2018
"461","FCR",50,2018-05-07 12:00:00,1.6,1.9,0.6,0,0,NA,2018
"462","FCR",50,2018-05-07 12:00:00,3.8,2.3,0.5,0,0,NA,2018
"463","FCR",50,2018-05-07 12:00:00,5,1.9,0.8,0,0,NA,2018
"464","FCR",50,2018-05-14 12:00:00,0.1,1.2,0.4,0,0,NA,2018
"465","FCR",50,2018-05-14 12:00:00,3.8,3.1,0.9,0,0,NA,2018
"466","BVR",50,2018-05-17 12:00:00,0.1,4.8,1,0,0,NA,2018
"467","FCR",50,2018-05-21 12:00:00,0.1,3.3,0.9,0,0,NA,2018
"468","FCR",50,2018-05-28 12:00:00,0.1,6.7,2.6,0,0,NA,2018
"469","FCR",50,2018-06-25 12:00:00,3.8,9,2.5,0,0,NA,2018
"470","BVR",50,2018-06-14 12:00:00,0.1,9,1.7,0,0,NA,2018
"471","CCR",50,2018-06-27 12:00:00,6,4,2.4,0,0,NA,2018
"472","BVR",50,2018-06-14 12:00:00,3,13.5,7.2,0,0,NA,2018
"473","FCR",50,2018-05-28 12:00:00,5,3.1,2.8,0,0,NA,2018
"474","FCR",50,2018-06-25 12:00:00,0.1,10.6,2.2,0,0,NA,2018
"475","CCR",50,2018-05-16 12:00:00,12,3.5,1.6,0,0,NA,2018
"476","BVR",50,2018-06-21 12:00:00,3,12.1,3.1,0,0,NA,2018
"477","BVR",50,2018-06-21 12:00:00,6,8.9,2.5,0,0,NA,2018
"478","FCR",50,2018-05-21 12:00:00,1.6,4.4,1.7,0,0,NA,2018
"479","BVR",50,2018-06-28 12:00:00,6,24.2,4.2,0,0,NA,2018
"480","CCR",50,2018-05-16 12:00:00,6,4,1.4,0,0,NA,2018
"481","FCR",50,2018-06-04 12:00:00,5,3,2.9,0,0,NA,2018
"482","CCR",50,2018-06-27 12:00:00,12,1,1.5,0,0,NA,2018
"483","FCR",50,2018-05-28 12:00:00,3.8,5.3,3.5,0,0,NA,2018
"484","FCR",50,2018-06-25 12:00:00,0.1,10.4,2.1,0,0,NA,2018
"485","BVR",50,2018-05-31 12:00:00,6,2.4,0.9,0,0,NA,2018
"486","FCR",50,2018-06-18 12:00:00,0.1,3.7,0.8,0,0,NA,2018
"487","FCR",50,2018-05-21 12:00:00,3.8,3.7,2.7,0,0,NA,2018
"488","BVR",50,2018-05-24 12:00:00,3,4.2,1.8,0,0,NA,2018
"489","FCR",50,2018-06-18 12:00:00,3.8,5.2,2.6,0,0,NA,2018
"490","BVR",50,2018-05-31 12:00:00,3,10.1,3.4,0,0,NA,2018
"491","FCR",50,2018-05-28 12:00:00,1.6,8.5,3.3,0,0,NA,2018
"492","FCR",50,2018-06-04 12:00:00,1.6,3,2.6,0,0,NA,2018
"493","BVR",50,2018-05-24 12:00:00,6,2.2,1.5,0,0,NA,2018
"494","FCR",50,2018-06-25 12:00:00,5,5.6,2.9,0,0,NA,2018
"495","BVR",50,2018-06-28 12:00:00,3,23.9,4.3,0,0,NA,2018
"496","CCR",50,2018-05-16 12:00:00,6,3.6,1.2,0,0,NA,2018
"497","BVR",50,2018-06-28 12:00:00,0.1,23.9,2.3,0,0,NA,2018
"498","BVR",50,2018-05-24 12:00:00,0.1,3.2,1.4,0,0,NA,2018
"499","FCR",50,2018-06-11 12:00:00,0.1,3.2,1.1,0,0,NA,2018
"500","FCR",50,2018-05-28 12:00:00,1.6,8.3,2.7,0,0,NA,2018
"501","BVR",50,2018-06-14 12:00:00,3,13.5,6.2,0,0,NA,2018
"502","BVR",50,2018-06-21 12:00:00,3,9.3,1.1,0,0,NA,2018
"503","FCR",50,2018-06-25 12:00:00,1.6,9.9,2.5,0,0,NA,2018
"504","BVR",50,2018-05-17 12:00:00,6,2.8,1.2,0,0,NA,2018
"505","FCR",50,2018-06-11 12:00:00,1.6,3.5,0.4,0,0,NA,2018
"506","CCR",50,2018-06-27 12:00:00,0.1,3.9,1.5,0,0,NA,2018
"507","FCR",50,2018-05-21 12:00:00,5,3.3,2.1,0,0,NA,2018
"508","FCR",50,2018-06-18 12:00:00,1.6,3.7,0.7,0,0,NA,2018
"509","BVR",50,2018-05-31 12:00:00,0.1,8.6,2.4,0,0,NA,2018
"510","BVR",50,2018-05-17 12:00:00,3,3.9,0.9,0,0,NA,2018
"511","BVR",50,2018-06-28 12:00:00,6,24.9,4.8,0,0,NA,2018
"512","BVR",50,2018-05-24 12:00:00,3,4,1.7,0,0,NA,2018
"513","CCR",50,2018-06-13 12:00:00,6,5.2,2.4,0,0,NA,2018
"514","FCR",50,2018-06-11 12:00:00,3.8,3.7,1.8,0,0,NA,2018
"515","CCR",50,2018-05-30 12:00:00,0.1,2.8,1.1,0,0,NA,2018
"516","BVR",50,2018-06-07 12:00:00,0.1,5.9,1.1,0,0,NA,2018
"517","BVR",50,2018-06-07 12:00:00,6,8.4,2.5,0,0,NA,2018
"518","BVR",50,2018-06-14 12:00:00,6,4.9,2.8,0,0,NA,2018
"519","CCR",50,2018-06-27 12:00:00,6,4,2.2,0,0,NA,2018
"520","BVR",50,2018-06-07 12:00:00,3,6,2,0,0,NA,2018
"521","BVR",50,2018-05-17 12:00:00,3,3.9,1.6,0,0,NA,2018
"522","CCR",50,2018-06-13 12:00:00,6,5.7,1.8,0,0,NA,2018
"523","BVR",50,2018-06-21 12:00:00,6,8.4,2.6,0,0,NA,2018
"524","FCR",50,2018-06-04 12:00:00,0.1,2.2,1.6,0,0,NA,2018
"525","CCR",50,2018-06-13 12:00:00,12,2.6,1.1,0,0,NA,2018
"526","FCR",50,2018-06-04 12:00:00,3.8,3.5,2.9,0,0,NA,2018
"527","CCR",50,2018-05-30 12:00:00,12,3.2,1.4,0,0,NA,2018
"528","FCR",50,2018-06-18 12:00:00,5,5.2,2.5,0,0,NA,2018
"529","FCR",50,2018-06-11 12:00:00,5,5.7,2.7,0,0,NA,2018
"530","BVR",50,2018-06-07 12:00:00,6,8.9,2.3,0,0,NA,2018
"531","CCR",50,2018-05-30 12:00:00,6,5.2,1.2,0,0,NA,2018
"532","CCR",50,2018-06-13 12:00:00,0.1,1.3,0.6,0,0,NA,2018
"533","CCR",50,2018-05-30 12:00:00,6,4.7,1.6,0,0,NA,2018
"534","BVR",50,2018-05-31 12:00:00,6,2.2,1.9,0,0,NA,2018
"535","FCR",50,2018-07-02 12:00:00,1.6,5.9,3.3,0,0,NA,2018
"536","FCR",50,2018-07-02 12:00:00,3.8,5,3.9,0,0,NA,2018
"537","BVR",50,2018-07-05 12:00:00,0.1,23.2,3.2,0,0,NA,2018
"538","FCR",50,2018-07-09 12:00:00,1.6,7.2,3,0,0,NA,2018
"539","CCR",50,2018-07-11 12:00:00,6,5.2,3.9,0,0,NA,2018
"540","BVR",50,2018-07-12 12:00:00,6,30.5,4.9,0,0,NA,2018
"541","BVR",50,2018-07-19 12:00:00,3,17.9,4.5,0,0,NA,2018
"542","BVR",50,2018-07-19 12:00:00,0.1,12.1,2.3,0,0,NA,2018
"543","CCR",50,2018-07-25 12:00:00,6,4.5,2.7,0,0,NA,2018
"544","BVR",50,2018-07-26 12:00:00,3,19,6.1,0,0,NA,2018
"545","FCR",50,2018-07-30 12:00:00,3.8,7.2,5.1,0,0,NA,2018
"546","BVR",50,2018-08-02 12:00:00,3,18.3,9.1,0,0,NA,2018
"547","FCR",50,2018-08-06 12:00:00,1.6,9.1,3,0,0,NA,2018
"548","CCR",50,2018-08-08 12:00:00,6,4.5,2.7,0,0,NA,2018
"549","BVR",50,2018-08-09 12:00:00,0.1,13.8,4.6,0,0,NA,2018
"550","FCR",50,2018-08-13 12:00:00,1,7.8,5.7,0,0,NA,2018
"551","BVR",50,2018-08-16 12:00:00,6,53,8.4,0,0,NA,2018
"552","BVR",50,2018-08-16 12:00:00,3,18.6,7.2,0,0,NA,2018
"553","BVR",50,2018-08-16 12:00:00,0.1,16.7,4.9,0,0,NA,2018
"554","FCR",50,2018-08-20 12:00:00,1.6,6.9,2.2,0,0,NA,2018
"555","CCR",50,2018-08-22 12:00:00,6,6.2,3.4,0,0,NA,2018
"556","CCR",50,2018-08-22 12:00:00,0.1,3.1,1.1,0,0,NA,2018
"557","BVR",50,2018-08-23 12:00:00,6,35.2,5.5,0,0,NA,2018
"558","BVR",50,2018-08-23 12:00:00,0.1,13.3,10,0,0,NA,2018
"559","FCR",50,2018-08-27 12:00:00,0.1,7.3,2.4,0,0,NA,2018
"560","FCR",50,2018-09-03 12:00:00,0.1,6.2,3.7,0,0,NA,2018
"561","BVR",50,2018-09-07 12:00:00,0.1,9.3,3.6,0,0,NA,2018
"562","FCR",50,2019-06-10 12:00:00,1.6,7.7,2.6,0,0,NA,2019
"563","BVR",50,2019-07-03 12:00:00,0.1,1.3,0.3,0,0,NA,2019
"564","BVR",50,2019-07-03 12:00:00,9,46.6,15.1,0,0,NA,2019
"565","BVR",50,2019-06-06 12:00:00,0.1,1.3,0.6,0,0,NA,2019
"566","BVR",50,2019-06-20 12:00:00,0.1,1.8,0.5,0,0,NA,2019
"567","FCR",50,2019-04-15 12:00:00,1.6,4.3,2.2,0,0,NA,2019
"568","FCR",50,2019-05-27 12:00:00,1.6,2.4,0.8,0,0,NA,2019
"569","BVR",50,2019-05-23 12:00:00,0.1,0.7,0.1,0,0,NA,2019
"570","BVR",50,2019-05-30 12:00:00,9,42.4,5.9,0,0,NA,2019
"571","BVR",50,2019-06-20 12:00:00,9,35.5,8.6,0,0,NA,2019
"572","BVR",50,2019-06-13 12:00:00,0.1,1.1,0.6,0,0,NA,2019
"573","FCR",50,2019-07-01 12:00:00,1.6,10.9,2.5,0,0,NA,2019
"574","FCR",50,2019-06-24 12:00:00,1.6,6.8,1.9,0,0,NA,2019
"575","BVR",50,2019-04-08 12:00:00,0.1,1.2,0.4,0,0,NA,2019
"576","FCR",50,2019-05-13 12:00:00,1.6,2.7,2.3,0,0,NA,2019
"577","BVR",50,2019-06-06 12:00:00,9,37.5,4.3,0,0,NA,2019
"578","FCR",50,2019-06-17 12:00:00,1.6,6.3,1.7,0,0,NA,2019
"579","FCR",50,2019-05-20 12:00:00,1.6,2.2,1.3,0,0,NA,2019
"580","FCR",50,2019-04-22 12:00:00,1.6,3.6,3,0,0,NA,2019
"581","BVR",50,2019-06-13 12:00:00,9,56.2,10.6,0,0,NA,2019
"582","FCR",50,2019-05-06 12:00:00,1.6,2,1.9,0,0,NA,2019
"583","FCR",50,2019-04-29 12:00:00,1.6,1.5,1,0,0,NA,2019
"584","FCR",50,2019-06-03 12:00:00,1.6,4.8,1.8,0,0,NA,2019
"585","BVR",50,2019-05-16 12:00:00,0.1,1,0.5,0,0,NA,2019
"586","FCR",50,2019-04-01 12:00:00,1.6,1.8,0.8,0,0,NA,2019
"587","FCR",50,2019-04-01 12:00:00,5,3.2,1.2,0,0,NA,2019
"588","FCR",50,2019-07-15 12:00:00,1.6,29.3,4.3,0,0,NA,2019
"589","FCR",50,2019-04-22 12:00:00,5,4.3,2.4,0,0,NA,2019
"590","FCR",50,2019-04-15 12:00:00,3.8,2.4,3.1,0,0,NA,2019
"591","FCR",50,2019-05-27 12:00:00,3.8,5.4,2.3,0,0,NA,2019
"592","FCR",50,2019-04-29 12:00:00,3.8,4.1,4.3,0,0,NA,2019
"593","FCR",50,2019-05-06 12:00:00,5,4.9,4.5,0,0,NA,2019
"594","FCR",50,2019-05-13 12:00:00,5,6.3,3.1,0,0,NA,2019
"595","FCR",50,2019-04-01 12:00:00,3.8,0.8,0.1,4,4,NA,2019
"596","FCR",50,2019-05-06 12:00:00,3.8,19,12.7,0,0,NA,2019
"597","FCR",50,2019-04-15 12:00:00,5,1.7,2.7,0,0,NA,2019
"598","FCR",50,2019-05-27 12:00:00,5,8.5,5.6,0,0,NA,2019
"599","FCR",50,2019-07-08 12:00:00,1.6,10.4,1.8,0,0,NA,2019
"600","FCR",50,2019-05-20 12:00:00,3.8,5.3,2.4,0,0,NA,2019
"601","FCR",50,2019-04-29 12:00:00,5,4.4,4.4,0,0,NA,2019
"602","FCR",50,2019-07-29 12:00:00,1.6,19.3,1.4,0,0,NA,2019
"603","FCR",50,2019-08-12 12:00:00,1.6,33.9,1.7,0,0,NA,2019
"604","FCR",50,2019-08-05 12:00:00,1.6,28.8,2.2,0,0,NA,2019
"605","FCR",50,2019-07-22 12:00:00,1.6,15.5,1.7,0,0,NA,2019
"606","BVR",1,2019-04-29 12:00:00,0.1,2,NA,0,2,NA,2019
"607","BVR",100,2019-04-29 12:00:00,0.1,0.3,NA,0,2,NA,2019
"608","BVR",20,2019-04-29 12:00:00,0.1,1.7,NA,0,2,NA,2019
"609","BVR",200,2019-04-29 12:00:00,0.1,1.3,NA,0,2,NA,2019
"610","BVR",30,2019-04-29 12:00:00,0.1,1.8,NA,0,2,NA,2019
"611","BVR",45,2019-04-29 12:00:00,0.1,2.7,NA,0,2,NA,2019
"612","BVR",50,2019-04-29 12:00:00,0.1,2.7,NA,0,2,NA,2019
"613","FCR",1,2019-04-29 12:00:00,0.1,1.3,NA,0,2,NA,2019
"614","FCR",100,2019-04-29 12:00:00,0.1,1.1,NA,0,2,NA,2019
"615","FCR",101,2019-04-29 12:00:00,0.1,1.5,NA,0,2,NA,2019
"616","FCR",102,2019-04-29 12:00:00,0.1,2,NA,0,2,NA,2019
"617","FCR",20,2019-04-29 12:00:00,0.1,1.8,NA,0,2,NA,2019
"618","FCR",200,2019-04-29 12:00:00,0.1,0.7,NA,0,2,NA,2019
"619","FCR",30,2019-04-29 12:00:00,0.1,2,NA,0,2,NA,2019
"620","FCR",45,2019-04-29 12:00:00,0.1,2,NA,0,2,NA,2019
"621","FCR",50,2019-04-29 12:00:00,0.1,1.8,NA,0,2,NA,2019
"622","FCR",99,2019-04-29 12:00:00,0.1,0.7,NA,0,2,NA,2019
"623","BVR",1,2019-05-30 12:00:00,0.1,1,NA,0,2,NA,2019
"624","BVR",100,2019-05-30 12:00:00,0.1,0.5,NA,0,2,NA,2019
"625","BVR",20,2019-05-30 12:00:00,0.1,1.5,NA,0,2,NA,2019
"626","BVR",200,2019-05-30 12:00:00,0.1,1.7,NA,0,2,NA,2019
"627","BVR",30,2019-05-30 12:00:00,0.1,1.7,NA,0,2,NA,2019
"628","BVR",45,2019-05-30 12:00:00,0.1,1,NA,0,2,NA,2019
"629","BVR",50,2019-05-30 12:00:00,0.1,1.4,NA,0,2,NA,2019
"630","FCR",1,2019-05-30 12:00:00,0.1,0.9,NA,0,2,NA,2019
"631","FCR",100,2019-05-30 12:00:00,0.1,0.5,NA,0,2,NA,2019
"632","FCR",101,2019-05-30 12:00:00,0.1,0.5,NA,0,2,NA,2019
"633","FCR",102,2019-05-30 12:00:00,0.1,0.9,NA,0,2,NA,2019
"634","FCR",20,2019-05-30 12:00:00,0.1,4.8,NA,0,2,NA,2019
"635","FCR",200,2019-05-30 12:00:00,0.1,0.7,NA,0,2,NA,2019
"636","FCR",30,2019-05-30 12:00:00,0.1,4.6,NA,0,2,NA,2019
"637","FCR",45,2019-05-30 12:00:00,0.1,4.6,NA,0,2,NA,2019
"638","FCR",50,2019-05-30 12:00:00,0.1,3.8,NA,0,2,NA,2019
"639","FCR",99,2019-05-30 12:00:00,0.1,0.5,NA,0,2,NA,2019
"640","BVR",1,2019-06-27 12:00:00,0.1,0.9,NA,0,2,NA,2019
"641","BVR",100,2019-06-27 12:00:00,0.1,0.3,NA,0,2,NA,2019
"642","BVR",20,2019-06-27 12:00:00,0.1,1.4,NA,0,2,NA,2019
"643","BVR",200,2019-06-27 12:00:00,0.1,0.5,NA,0,2,NA,2019
"644","BVR",30,2019-06-27 12:00:00,0.1,1.1,NA,0,2,NA,2019
"645","BVR",45,2019-06-27 12:00:00,0.1,1.1,NA,0,2,NA,2019
"646","BVR",50,2019-06-27 12:00:00,0.1,0.9,NA,0,2,NA,2019
"647","FCR",1,2019-06-27 12:00:00,0.1,2.2,NA,0,2,NA,2019
"648","FCR",100,2019-06-27 12:00:00,0.1,0.3,NA,0,2,NA,2019
"649","FCR",101,2019-06-27 12:00:00,0.1,0.4,NA,0,2,NA,2019
"650","FCR",102,2019-06-27 12:00:00,0.1,0.4,NA,0,2,NA,2019
"651","FCR",20,2019-06-27 12:00:00,0.1,9.6,NA,0,2,NA,2019
"652","FCR",200,2019-06-27 12:00:00,0.1,0.4,NA,0,2,NA,2019
"653","FCR",30,2019-06-27 12:00:00,0.1,8.6,NA,0,2,NA,2019
"654","FCR",45,2019-06-27 12:00:00,0.1,10.1,NA,0,2,NA,2019
"655","FCR",50,2019-06-27 12:00:00,0.1,7.2,NA,0,2,NA,2019
"656","FCR",99,2019-06-27 12:00:00,0.1,0.3,NA,0,2,NA,2019
"657","BVR",1,2019-07-18 12:00:00,0.1,1.7,NA,0,2,NA,2019
"658","BVR",100,2019-07-18 12:00:00,0.1,0.1,NA,1,2,NA,2019
"659","BVR",20,2019-07-18 12:00:00,0.1,2.1,NA,0,2,NA,2019
"660","BVR",200,2019-07-18 12:00:00,0.1,1.2,NA,0,2,NA,2019
"661","BVR",30,2019-07-18 12:00:00,0.1,2.3,NA,0,2,NA,2019
"662","BVR",45,2019-07-18 12:00:00,0.1,1.8,NA,0,2,NA,2019
"663","BVR",50,2019-07-18 12:00:00,0.1,1.5,NA,0,2,NA,2019
"664","FCR",1,2019-07-18 12:00:00,0.1,2,NA,0,2,NA,2019
"665","FCR",100,2019-07-18 12:00:00,0.1,0.3,NA,0,2,NA,2019
"666","FCR",101,2019-07-18 12:00:00,0.1,0.2,NA,1,2,NA,2019
"667","FCR",20,2019-07-18 12:00:00,0.1,18.2,NA,0,2,NA,2019
"668","FCR",200,2019-07-18 12:00:00,0.1,1.1,NA,0,2,NA,2019
"669","FCR",30,2019-07-18 12:00:00,0.1,17.2,NA,0,2,NA,2019
"670","FCR",45,2019-07-18 12:00:00,0.1,14.1,NA,0,2,NA,2019
"671","FCR",50,2019-07-18 12:00:00,0.1,15.1,NA,0,2,NA,2019
"672","FCR",99,2019-07-18 12:00:00,0.1,0.2,NA,1,2,NA,2019
"673","FCR",102,2019-07-22 12:00:00,0.1,0.3,NA,0,2,NA,2019
"674","BVR",1,2019-08-22 12:00:00,0.1,5.8,NA,0,2,NA,2019
"675","BVR",100,2019-08-22 12:00:00,0.1,0.5,NA,0,2,NA,2019
"676","BVR",20,2019-08-22 12:00:00,0.1,5.9,NA,0,2,NA,2019
"677","BVR",200,2019-08-22 12:00:00,0.1,1.3,NA,0,2,NA,2019
"678","BVR",30,2019-08-22 12:00:00,0.1,6.4,NA,0,2,NA,2019
"679","BVR",45,2019-08-22 12:00:00,0.1,4.4,NA,0,2,NA,2019
"680","BVR",50,2019-08-22 12:00:00,0.1,4.6,NA,0,2,NA,2019
"681","FCR",1,2019-08-22 12:00:00,0.1,6.2,NA,0,2,NA,2019
"682","FCR",100,2019-08-22 12:00:00,0.1,1,NA,0,2,NA,2019
"683","FCR",101,2019-08-22 12:00:00,0.1,1.6,NA,0,2,NA,2019
"684","FCR",102,2019-08-22 12:00:00,0.1,0.1,NA,1,2,NA,2019
"685","FCR",20,2019-08-22 12:00:00,0.1,41.5,NA,0,2,NA,2019
"686","FCR",200,2019-08-22 12:00:00,0.1,0.7,NA,0,2,NA,2019
"687","FCR",30,2019-08-22 12:00:00,0.1,36.7,NA,0,2,NA,2019
"688","FCR",45,2019-08-22 12:00:00,0.1,36.1,NA,0,2,NA,2019
"689","FCR",50,2019-08-22 12:00:00,0.1,35.8,NA,0,2,NA,2019
"690","FCR",99,2019-08-22 12:00:00,0.1,0.6,NA,0,2,NA,2019
"691","BVR",1,2019-09-20 12:00:00,0.1,10,NA,0,2,NA,2019
"692","BVR",1,2019-09-20 12:00:00,0.1,10.7,NA,0,2,NA,2019
"693","BVR",20,2019-09-20 12:00:00,0.1,13.7,NA,0,2,NA,2019
"694","BVR",20,2019-09-20 12:00:00,0.1,11.7,NA,0,2,NA,2019
"695","BVR",30,2019-09-20 12:00:00,0.1,13.7,NA,0,2,NA,2019
"696","BVR",30,2019-09-20 12:00:00,0.1,14.8,NA,0,2,NA,2019
"697","BVR",45,2019-09-20 12:00:00,0.1,8.6,NA,0,2,NA,2019
"698","BVR",45,2019-09-20 12:00:00,0.1,8.9,NA,0,2,NA,2019
"699","BVR",50,2019-09-20 12:00:00,0.1,10.1,NA,0,2,NA,2019
"700","BVR",50,2019-09-20 12:00:00,0.1,10.2,NA,0,2,NA,2019
"701","FCR",20,2019-09-20 12:00:00,0.1,24.7,NA,0,2,NA,2019
"702","FCR",20,2019-09-20 12:00:00,0.1,25.1,NA,0,2,NA,2019
"703","FCR",30,2019-09-20 12:00:00,0.1,26.5,NA,0,2,NA,2019
"704","FCR",45,2019-09-20 12:00:00,0.1,23.8,NA,0,2,NA,2019
"705","FCR",45,2019-09-20 12:00:00,0.1,17.9,NA,0,2,NA,2019
"706","FCR",50,2019-09-20 12:00:00,0.1,29.4,NA,0,2,NA,2019
"707","FCR",50,2019-09-20 12:00:00,0.1,26,NA,0,2,NA,2019
"708","BVR",1,2019-10-04 12:00:00,0.1,12.7,NA,0,2,NA,2019
"709","BVR",100,2019-10-04 12:00:00,0.1,1.1,NA,0,2,NA,2019
"710","BVR",20,2019-10-04 12:00:00,0.1,14.1,NA,0,2,NA,2019
"711","BVR",200,2019-10-04 12:00:00,0.1,1.3,NA,0,2,NA,2019
"712","BVR",30,2019-10-04 12:00:00,0.1,15.8,NA,0,2,NA,2019
"713","BVR",45,2019-10-04 12:00:00,0.1,8.2,NA,0,2,NA,2019
"714","BVR",50,2019-10-04 12:00:00,0.1,8.6,NA,0,2,NA,2019
"715","FCR",1,2019-10-04 12:00:00,0.1,1.8,NA,0,2,NA,2019
"716","FCR",100,2019-10-04 12:00:00,0.1,0.3,NA,0,2,NA,2019
"717","FCR",101,2019-10-04 12:00:00,0.1,0.2,NA,0,2,NA,2019
"718","FCR",102,2019-10-04 12:00:00,0.1,0.3,NA,0,2,NA,2019
"719","FCR",20,2019-10-04 12:00:00,0.1,36.4,NA,0,2,NA,2019
"720","FCR",200,2019-10-04 12:00:00,0.1,1.5,NA,0,2,NA,2019
"721","FCR",30,2019-10-04 12:00:00,0.1,39.1,NA,0,2,NA,2019
"722","FCR",45,2019-10-04 12:00:00,0.1,39.5,NA,0,2,NA,2019
"723","FCR",50,2019-10-04 12:00:00,0.1,38.7,NA,0,2,NA,2019
"724","FCR",99,2019-10-04 12:00:00,0.1,0.3,NA,0,2,NA,2019
"725","BVR",50,2019-05-16 12:00:00,6,40.9,13.7,0,0,NA,2019
"726","BVR",50,2019-05-23 12:00:00,6,2,1.8,0,0,NA,2019
"727","FCR",50,2019-08-05 12:00:00,3.8,11.7,7,0,0,NA,2019
"728","BVR",50,2019-06-13 12:00:00,6,27.1,-18.4,0,4,NA,2019
"729","BVR",50,2019-04-29 12:00:00,6,23.3,5.9,0,0,NA,2019
"730","FCR",50,2019-05-27 12:00:00,5,3.6,4,0,0,NA,2019
"731","FCR",50,2019-06-17 12:00:00,3.8,5.5,3.3,0,0,NA,2019
"732","FCR",50,2019-06-10 12:00:00,5,3.2,3.9,0,0,NA,2019
"733","BVR",50,2019-06-27 12:00:00,6,2.3,2.4,0,0,NA,2019
"734","BVR",50,2019-05-30 12:00:00,6,2.9,1.5,0,0,NA,2019
"735","FCR",50,2019-06-24 12:00:00,0.1,6.7,1.9,0,0,NA,2019
"736","FCR",50,2019-06-17 12:00:00,5,4,3.6,0,0,NA,2019
"737","FCR",50,2019-06-03 12:00:00,0.1,4.1,2.1,0,0,NA,2019
"738","FCR",50,2019-08-19 12:00:00,5,20.6,7.3,0,0,NA,2019
"739","FCR",50,2019-06-10 12:00:00,3.8,4.2,3,0,0,NA,2019
"740","FCR",50,2019-08-19 12:00:00,3.8,13.8,13.2,0,0,NA,2019
"741","FCR",50,2019-05-27 12:00:00,0.1,1.6,1.2,0,0,NA,2019
"742","FCR",50,2019-08-28 12:00:00,3.8,31.6,14.1,0,0,NA,2019
"743","FCR",50,2019-08-19 12:00:00,0.1,26.8,6.4,0,0,NA,2019
"744","FCR",50,2019-08-28 12:00:00,0.1,24.1,6.2,0,0,NA,2019
"745","FCR",50,2019-08-19 12:00:00,1.6,27.5,5,0,0,NA,2019
"746","BVR",50,2021-05-31 12:00:00,1.6,2.373028571,-0.252032,0,4,NA,2021
"747","BVR",50,2021-06-28 12:00:00,1.6,4.5824,-0.340406857,0,4,NA,2021
"748","BVR",50,2021-03-08 12:00:00,1.6,16.72576,-16.9732096,0,4,NA,2021
"749","BVR",50,2021-06-15 12:00:00,1.6,2.373028571,-0.075282286,0,4,NA,2021
"750","FCR",50,2021-05-14 12:00:00,1.6,5.728,-0.5315584,0,4,NA,2021
"751","FCR",50,2021-06-15 12:00:00,1.6,24.71222857,-0.851017143,0,4,NA,2021
"752","BVR",50,2021-06-28 12:00:00,1.6,4.091428571,-0.026185143,0,4,NA,2021
"753","BVR",50,2021-03-08 12:00:00,1.6,6.07168,0.11456,0,4,NA,2021
"754","FCR",50,2021-05-24 12:00:00,1.6,14.32,-0.4628224,0,4,NA,2021
"755","FCR",50,2021-03-22 12:00:00,1.6,7.773714286,-5.299218286,0,4,NA,2021
"756","FCR",50,2021-06-28 12:00:00,1.6,42.19626667,0.282581333,0,4,NA,2021
"757","FCR",50,2021-06-07 12:00:00,1.6,71.1704,-2.193824,0,4,NA,2021
"758","FCR",50,2021-06-21 12:00:00,1.6,47.92426667,-0.496426667,0,4,NA,2021
"759","FCR",50,2021-05-24 12:00:00,1.6,14.32,0.7744256,0,0,NA,2021
"760","BVR",50,2021-04-05 12:00:00,1.6,9.1648,-0.2566144,0,4,NA,2021
"761","FCR",50,2021-04-16 12:00:00,1.6,3.66592,0.2932736,0,4,NA,2021
"762","FCR",50,2021-05-06 12:00:00,1.6,5.111138462,-1.304221538,0,4,NA,2021
"763","FCR",50,2021-04-16 12:00:00,1.6,3.32224,-0.3528448,0,4,NA,2021
"764","BVR",50,2021-05-14 12:00:00,1.6,1.882057143,-0.291309714,0,4,NA,2021
"765","FCR",50,2021-05-31 12:00:00,1.6,47.65696,-1.1364352,0,4,NA,2021
"766","FCR",50,2021-03-22 12:00:00,1.6,4.091428571,0.857563429,0,0,NA,2021
"767","BVR",50,2021-04-05 12:00:00,1.6,9.1648,-0.2566144,0,4,NA,2021
"768","SNP",50,2021-07-20 12:00:00,1,0.745833333,0.005966667,0,4,NA,2021
"769","SNP",50,2021-07-07 12:00:00,1,0.54416,0.2394304,0,0,NA,2021
"770","SNP",50,2021-06-30 12:00:00,1,0.63008,0.2153728,0,0,NA,2021
"771","SNP",50,2021-06-16 12:00:00,1,0.2864,0.3116032,0,0,NA,2021
"772","SNP",50,2021-06-23 12:00:00,1,0.54416,0.2394304,0,0,NA,2021
"773","SNP",50,2021-07-20 12:00:00,1,0.54416,0.2394304,0,0,NA,2021
"774","SNP",50,2021-07-15 12:00:00,1,1.74704,0.3975232,0,0,NA,2021
"775","SNP",50,2021-07-07 12:00:00,1,0.54416,0.3631552,0,0,NA,2021
"776","SNP",50,2021-07-15 12:00:00,1,0.509155556,0.443983644,0,0,NA,2021
"777","SNP",50,2021-06-23 12:00:00,1,0.63008,0.2153728,0,0,NA,2021
"778","FCR",50,2021-06-12 12:00:00,1.6,2.11936,0.8500352,0,0,NA,2021
"779","FCR",50,2021-05-11 12:00:00,1.6,2.80672,0.6575744,0,0,NA,2021
"780","FCR",50,2021-05-25 12:00:00,1.6,8.428342857,0.762642286,0,0,NA,2021
"781","FCR",50,2021-05-18 12:00:00,1.6,2.97856,0.4857344,0,0,NA,2021
"782","FCR",50,2020-10-19 12:00:00,1.6,25.96693333,4.139434667,0,0,NA,2020
"783","BVR",50,2020-11-16 12:00:00,1.6,9.85216,1.5305216,0,0,NA,2020
"784","FCR",50,2020-12-02 12:00:00,1.6,9.546666667,3.032021333,0,0,NA,2020
"785","BVR",50,2020-07-30 12:00:00,1.6,2.138453333,0.501009067,0,0,NA,2020
"786","FCR",50,2020-05-18 12:00:00,1.6,2.80672,0.6575744,0,0,NA,2020
"787","BVR",50,2020-12-02 12:00:00,1.6,10.08128,1.5488512,0,0,NA,2020
"788","FCR",50,2020-11-09 12:00:00,1.6,22.53013333,3.039658667,0,0,NA,2020
"789","FCR",50,2020-07-13 12:00:00,1.6,3.518628571,0.723364571,0,0,NA,2020
"790","FCR",50,2020-06-22 12:00:00,1.6,4.5824,1.139872,0,0,NA,2020
"791","FCR",50,2020-06-03 12:00:00,1.6,2.536685714,1.175058286,0,0,NA,2020
"792","BVR",50,2020-11-10 12:00:00,1.6,9.85216,2.52032,0,0,NA,2020
"793","BVR",50,2020-07-30 12:00:00,1.6,1.680213333,0.959249067,0,0,NA,2020
"794","FCR",50,2020-10-19 12:00:00,1.6,28.25813333,3.085482667,0,0,NA,2020
"795","FCR",50,2020-07-20 12:00:00,1.6,17.53649231,0.927054769,0,0,NA,2020
"796","FCR",50,2020-06-03 12:00:00,1.6,2.2912,1.420544,0,0,NA,2020
"797","FCR",50,2020-07-27 12:00:00,1.6,40.34148571,-0.396050286,0,4,NA,2020
"798","BVR",50,2020-07-23 12:00:00,1.6,2.825813333,1.463313067,0,0,NA,2020
"799","BVR",50,2020-07-20 12:00:00,1.6,17.00775385,0.504064,0,0,NA,2020
"800","FCR",50,2020-07-13 12:00:00,1.6,4.0096,0.762642286,0,0,NA,2020
"801","FCR",50,2020-06-08 12:00:00,1.6,4.105066667,0.843925333,0,0,NA,2020
"802","FCR",50,2020-07-23 12:00:00,1.6,3.513173333,0.775953067,0,0,NA,2020
"803","FCR",50,2020-07-27 12:00:00,1.6,39.60502857,-0.366592,0,4,NA,2020
"804","FCR",50,2020-06-22 12:00:00,1.6,3.938,1.784272,0,0,NA,2020
"805","FCR",50,2020-12-02 12:00:00,1.6,10.08128,2.2912,0,0,NA,2020
"806","FCR",50,2020-06-12 12:00:00,1.6,2.2912,0.6781952,0,0,NA,2020
"807","FCR",50,2020-06-08 12:00:00,1.6,3.818666667,1.130325333,0,0,NA,2020
"808","CIM",5,2021-06-09 12:00:00,1.6,0.954666667,0.255086933,0,0,NA,2021
"809","CIM",4,2021-06-01 12:00:00,1.6,1.069226667,0.223010133,0,0,NA,2021
"810","CIM",4,2021-06-09 12:00:00,1.6,0.725546667,0.401723733,0,0,NA,2021
"811","CIM",3,2021-06-09 12:00:00,1.6,0.725546667,0.236757333,0,0,NA,2021
"812","CIM",5,2021-06-01 12:00:00,1.6,1.069226667,0.387976533,0,0,NA,2021
"813","CIM",1,2021-06-01 12:00:00,1.6,1.183786667,0.273416533,0,0,NA,2021
"814","CIM",6,2021-06-01 12:00:00,1.6,1.183786667,0.355899733,0,0,NA,2021
"815","CIM",2,2021-06-09 12:00:00,1.6,1.069226667,0.305493333,0,0,NA,2021
"816","CIM",3,2021-06-01 12:00:00,1.6,0.954666667,0.337570133,0,4,NA,2021
"817","CIM",2,2021-06-01 12:00:00,1.6,1.527466667,-0.152746667,0,4,NA,2021
"818","CIM",5,2021-06-06 12:00:00,1.6,0.840106667,0.122197333,0,0,NA,2021
"819","CIM",4,2021-06-06 12:00:00,1.6,0.840106667,0.287163733,0,0,NA,2021
"820","CIM",4,2021-06-06 12:00:00,1.6,0.954666667,0.337570133,0,0,NA,2021
"821","CIM",3,2021-06-06 12:00:00,1.6,0.840106667,0.204680533,0,0,NA,2021
"822","CIM",2,2021-06-06 12:00:00,1.6,1.412906667,0.291746133,0,0,NA,2021
"823","CIM",5,2021-06-09 12:00:00,1.6,3.131306667,0.223010133,0,0,NA,2021
"824","CIM",1,2021-06-09 12:00:00,1.6,0.840106667,0.534613333,0,0,NA,2021
"825","CIM",1,2021-06-06 12:00:00,1.6,0.954666667,0.090120533,0,4,NA,2021
"826","CIM",6,2021-06-09 12:00:00,1.6,0.954666667,0.502536533,0,0,NA,2021
"827","CIM",6,2021-06-06 12:00:00,1.6,0.954666667,0.172603733,0,0,NA,2021
"828","BVR",50,2021-10-12 12:00:00,1.6,11.89,2.1,0,0,NA,2021
"829","BVR",50,2021-10-26 12:00:00,1.6,8.45,3.7,0,0,NA,2021
"830","BVR",50,2021-10-26 12:00:00,1.6,7.59,4,0,0,NA,2021
"831","FCR",50,2021-09-14 12:00:00,1.6,5.73,1.3,0,0,NA,2021
"832","BVR",50,2021-12-06 12:00:00,1.6,16.61,1.4,0,0,NA,2021
"833","BVR",50,2021-07-26 12:00:00,1.6,5.38,0.9,0,0,NA,2021
"834","FCR",50,2021-10-04 12:00:00,1.6,3.32,1.2,0,0,NA,2021
"835","FCR",50,2021-09-21 12:00:00,1.6,5.04,0.5,0,0,NA,2021
"836","BVR",50,2021-12-06 12:00:00,1.6,42.39,NA,0,2,NA,2021
"837","BVR",50,2021-08-24 12:00:00,1.6,8.82,0.7,0,0,NA,2021
"838","FCR",50,2021-08-16 12:00:00,1.6,5.87,1.3,0,0,NA,2021
"839","FCR",50,2021-09-06 12:00:00,1.6,3.32,0.5,0,0,NA,2021
"840","FCR",50,2021-08-24 12:00:00,1.6,4.35,0.4,0,0,NA,2021
"841","BVR",50,2021-11-09 12:00:00,1.6,7.16,3.2,0,0,NA,2021
"842","BVR",50,2021-08-24 12:00:00,1.6,13.17,0.5,0,0,NA,2021
"843","FCR",50,2021-12-06 12:00:00,1.6,55.7,1.9,0,0,NA,2021
"844","FCR",50,2021-10-04 12:00:00,1.6,3.32,2.5,0,0,NA,2021
"845","FCR",50,2021-09-14 12:00:00,1.6,4.7,0.3,0,4,NA,2021
"846","FCR",50,2021-09-21 12:00:00,1.6,5.73,1,0,0,NA,2021
