wind_speed,swr,c_relax_C,qual
1,1,0.00505,110817.567495724
0.926462725452967,0.888666664380576,0.00552592140961917,91777.2292976769
0.718192491993074,0.811563036154011,0.0063167444318688,100921.404880091
1.00154905918579,1.00851795479816,0.00542490098029784,108234.041173976
0.999740104652925,0.93060273299306,0.00471367738939823,98295.6307765744
0.665798545299569,0.847829112985191,0.00567002513244532,106428.724076837
1.06628592052159,0.762171910439524,0.00555057957645978,135311.264697368
0.923316673212177,0.788342332918306,0.0049398746867027,126747.801411593
0.689803846994721,0.886974989417722,0.00516340742118943,113063.238845738
0.799572608945956,0.804341929910033,0.00590961318970448,98129.859653627
0.762256883859377,0.879779513632546,0.00543302100743844,104879.667580674
0.932900569426485,0.912881796586872,0.00570562328683877,93571.0731363055
0.89317489011177,0.912998961485982,0.00535356416528038,97175.1467708751
0.872763437861586,0.884457453690704,0.00540731413933341,95181.4901597876
0.931912580783574,0.833520212426946,0.00550285565513403,98063.6465820778
0.922947561297885,0.969377451816639,0.0064365485451191,118031.907405891
0.928266901782442,0.763972092391958,0.00599508120847826,119671.632035751
1.15602224465096,0.9071498099115,0.00566698816266855,107596.827850965
0.953243362265847,0.75854389321072,0.00528697261042945,125148.956276352
1.03463297027381,0.831509670901911,0.00563343480346784,118260.992380856
0.977210035812063,0.788765479718651,0.00522155632646823,111469.509656091
1.00275918806987,0.864837279540922,0.00550998307704483,113604.401617594
0.986938734950014,0.799575951915468,0.00525027695637488,108175.760906866
0.92622244228424,0.774443943189156,0.0049436065574305,112662.981385008
1.06727433441995,0.779123683898966,0.00559636127912454,127815.47246888
0.937134665770371,0.671887981684251,0.00504090725764876,203442.975818452
0.910547747476034,0.957923461068988,0.00691221721259227,116694.516355148
1.01774649616815,0.711032387915696,0.00543332059646935,154496.94616722
1.09875386069426,0.86853899992424,0.00568407081111731,113693.74809147
0.826669439627525,1.04465965156876,0.00536509501173024,144802.339893196
1.15560174246408,0.88724427331829,0.00493679133998927,110167.040509892
1.0467893227992,0.800068779110088,0.00516917667775514,119231.499523874
0.868947142629117,0.835335844843767,0.00573561558311099,94439.4963772121
0.815857352627368,0.825173341387656,0.00478735003039524,96982.4368051978
0.883733866322879,0.898697762520781,0.00571978403179789,96566.0725192862
0.927285232523966,0.834669164876021,0.00595298967306,118691.017572024
1.03718865373357,0.973839090149531,0.00512992745565402,99010.0561906236
0.880683172320045,0.964648803915978,0.00494992705562813,106283.698370821
0.839869964494991,0.913731114779094,0.00560628188999112,102726.676519429
0.839989304745723,0.813242533361451,0.00596528576676201,122948.297552467
0.687789058057404,0.829543480242355,0.00559249108056609,103766.202658005
0.940439858176928,0.969333308457705,0.00484866814681664,111358.681991692
1.06117664567709,0.957889758249803,0.00589983825756686,95670.3904409955
0.849524864975227,1.05073274687974,0.0059760139513489,142877.390063364
0.930446239266083,1.06718806777334,0.00561045158271421,131757.603951907
0.848538584534829,0.802327046096636,0.00616314556356864,130510.4485708
0.888474681609235,0.962272847398213,0.00551140234704394,120589.893109924
0.954065182429657,0.873644530159748,0.00518368020347873,89750.1065294773
0.784196683494116,1.05235966368326,0.00533898434395836,146432.940028532
1.05663577134887,0.94785042166903,0.0054354730538442,94449.7661453374
0.932550238405181,0.748207960535096,0.00521799081835118,125409.865551652
1.13756198027886,0.939313713924099,0.00465528036003416,87194.3939087974
1.1996578921712,0.859979889100337,0.00439861392320211,104611.93992598
1.28257306283876,0.981949952797155,0.00403496714281516,83528.6577990511
1.31141094286752,0.94983685722775,0.00442081955218184,99285.4081128577
1.26045785852621,0.822226431224504,0.00370388862966036,113151.980637921
1.08711833537386,0.929637113240726,0.0043459667768538,90280.4270421215
1.28421389037099,0.927845400865316,0.00470727262527421,100308.044596639
1.2247087006404,0.911490599252329,0.00411637960058699,105547.22237191
1.35725438015606,1.03652029888776,0.00408757196116156,59802.6591351707
1.13489242618767,1.01964805036393,0.00329120612963244,99941.0527239605
1.25419187789113,1.14508492121938,0.00459326902190784,104333.323985059
1.29154140662415,0.941337691588982,0.00418971011412326,100512.221709016
1.45736165270733,1.03102516820653,0.00421909323421657,77893.9339921346
1.40237786746269,1.21464657907401,0.00354988654189573,97703.8426383424
1.21845429679758,0.92790792402486,0.00332320983322032,104803.141751161
1.45188647462556,1.02063779733548,0.00455394861851814,77524.9233345837
1.15875776021624,0.970670486613066,0.00359369063297546,88690.418318119
1.24805714505978,0.991444814937244,0.00340205885274982,83504.8487462385
1.41631009000791,1.09092886580474,0.0033631806245444,80451.8068665905
1.36339726320425,0.99279622735296,0.00422100647130025,97770.5030023019
1.3014850265229,1.0892963847124,0.00347796899000902,89151.8894095127
1.3372158665847,1.11452619780314,0.00392075169082898,88593.3617760089
1.34731218262706,0.999022559343564,0.00345509713618838,100603.655998712
1.2345319851774,0.955315342779105,0.00393604997602535,105296.369618449
1.32300032522542,1.05384755097227,0.00420115548396403,81307.347863139
1.07410364948435,0.873649125682126,0.00479350702455182,115278.008972566
1.30346201736856,1.16016103359048,0.00366829045802722,100755.360435829
1.48082647115406,1.07591771535226,0.00444005233874636,73689.457933122
1.24249595555372,0.842178432285906,0.00409204169225544,112304.289875169
1.41047745946177,1.01195731425915,0.00426311966991661,95803.1739709162
1.40306379285154,1.02375766607599,0.00390366626884516,79833.5083990622
1.28867717801861,1.19565195870139,0.00356038481286268,112033.484301757
1.38341715427393,0.986014971142261,0.00477592830182296,96662.5220758139
1.43145344527976,1.09302365619159,0.00475787214877021,78386.4256614429
1.20684315281095,1.0034499300768,0.00327017863436789,87438.8664691263
1.16819199290339,1.06677486743563,0.00440348517731391,98170.4048121643
1.37215826356149,0.960786835793648,0.00418785792888834,93193.5658527491
1.28806257504469,1.09300077024026,0.00319268971477663,90756.0839329006
1.31588021291369,1.08122210506716,0.00395383340202258,86555.4423601111
1.39153853474516,1.01696195616223,0.00386068609927183,81761.6588215728
1.31846964513684,1.24789878758621,0.00435841527936931,117929.640433052
1.28692755933423,0.929399260882035,0.00377254342660522,100855.418649263
1.21855706076996,1.00323470845243,0.00521629760199959,86290.6845543543
1.31308263811797,1.05161971013725,0.00396795742868452,86169.0171865876
1.16072486992349,1.1452507843277,0.00446230050833768,119035.995261157
1.34113608017744,1.15605877986844,0.00472498196530525,96485.5174547686
1.47774832133011,0.939793012072826,0.00504704774476175,90112.9013904726
1.29899417761191,0.986085549784935,0.00368312671897115,83109.2144719749
1.233220447654,0.96536831420443,0.00446161379154884,72767.815682627
1.4218627707521,1.06434592295862,0.00363915682416549,78613.3717273007
1.31201440318177,1.07853665544385,0.00386395318873087,88525.4033254197
1.20415340544061,1.3745262594262,0.00444742869577274,183536.968627908
1.4326413515244,0.972822483871042,0.00336374334471915,91745.2414258778
1.25937092597516,1.04814252316373,0.00450644193042499,87933.9573891871
1.43413209821523,0.903859303333195,0.0049428953882057,89620.0766279739
1.34001840257991,0.87763817083924,0.00352478142276719,92760.9752372691
1.28893427193116,0.895591893778822,0.00499557806176993,102216.716228124
1.23491040831139,1.00346014151131,0.00390785693293372,85556.1218054522
1.32742501404745,1.06282152748663,0.00387711187661392,82833.9191298659
1.48417226125225,1.08305624863201,0.00476365636935516,74255.6309787062
1.25512087649424,1.01379634547873,0.00357693038126327,85412.9323447902
1.27984502248017,1.11597208842967,0.00435187084029048,95120.6689233053
1.35471601832045,1.07465845054625,0.00351082697691594,83921.7965091167
1.26830219386356,1.13220543494676,0.0039750609935826,99281.5243846008
1.32955931538569,1.17095727586954,0.00399256044666496,95715.8418655456
1.36054844849502,1.04718984934865,0.00437420707255532,76581.8489864644
1.19221657732534,0.962304629690429,0.00406570174111265,85837.655889057
1.28556936703521,0.923039994635761,0.00321337946727776,100151.311805169
1.32942697228572,1.21645684426901,0.00446767147915698,110708.11212268
1.30320347848268,1.10161043929378,0.00461053371491679,89791.7293742289
1.33070692019333,1.06400519890601,0.00431743036744228,84598.9058313812
1.42903914529757,1.16841004300669,0.00322409154146361,92137.9381751494
1.20197271327876,1.00714433146608,0.00477834196706316,88624.2729963859
1.19100486062616,1.05471929252056,0.0044988541595995,93594.4927841384
1.10485334780593,0.944359558673131,0.00472278314629843,88411.9319643165
1.4428702533078,1.10532310683711,0.00480072691380864,78990.5355413818
1.35913614878472,1.04417625204826,0.00417970532754502,75833.5376020413
1.39054178108659,0.930421048785281,0.00392935981081832,94657.9320230508
1.3821504828048,1.05266111696785,0.00422311002130584,62947.3648257581
1.44288766129482,1.16044201453109,0.00342852767281368,86852.7828588762
1.36374340873368,0.992369460174969,0.00418457484377747,97728.9544431144
1.15213125868676,1.10696667801576,0.0035481610548016,109380.318259063
1.3234770410693,1.1163550177847,0.00425606476130918,90490.8189904668
1.41734814982611,0.874038224698868,0.00416642135350814,105420.517072199
1.2911798186951,1.12701298086269,0.00441767638355469,95781.0484985911
1.42849322231543,1.12767024115162,0.00405938255736188,85003.6034538973
1.39039547707327,1.09653452842703,0.00388784135733374,83169.7416175083
1.44448170453361,0.983249504707065,0.00302680046454724,91149.7985351848
1.28007850951832,1.12694021635696,0.00321963423069583,94190.8067389178
1.38090220635886,1.0427132037624,0.00385557805921713,78402.7329705036
1.38588620619111,0.906886929595277,0.00445320299402828,92334.6337918437
1.19032224483761,1.08279217649922,0.0035071530447732,98792.3722310067
1.31445759789752,1.155793701407,0.00391935027356848,99485.6898796583
1.4636897243722,0.986968577499319,0.00381267043174787,90582.5439946684
1.25458825734487,1.13942635332581,0.00372932313345155,102989.145832136
1.41913972369488,1.19729543641117,0.00455905860269721,83448.8762223826
1.25440155756285,0.992825893386469,0.00407368907260578,83254.5217735421
1.26846508478689,1.05264333350706,0.00509061214160675,88198.5058699958
1.40758909464747,1.13867916021336,0.00376857318012211,86523.9107229883
1.27550971268212,1.1515781285617,0.00322322134522758,103044.970184713
1.46445967943035,1.18527665672504,0.0044234880002308,88755.1873058834
1.31680656835351,1.08523328052383,0.00365814944895597,87386.1590310266
1.41506710076353,0.923776483609662,0.00405042615145185,94361.5572516404
1.2017061418685,0.97496638927575,0.00390155700634382,85152.6910738876
1.39409804588048,1.18064743647739,0.00301826877790237,95128.3758537624
1.34080479496633,1.07683234265798,0.00373285987030264,83686.4821956722
1.45970447327352,0.955397471025787,0.00500042972484468,91546.8859941492
1.41024083256063,1.16859399784211,0.00376302748704028,91153.8659392063
1.36531435388816,0.998922442387844,0.00431767116262081,98318.4678880745
1.419192527089,0.831059461621571,0.00415820430814614,117546.81111245
1.18247482830379,1.09652729040535,0.00300621623941411,101536.224589871
1.41282537121306,0.951972888939465,0.00302832824994626,92654.6094030801
1.36386809320758,1.00434383564454,0.00427943777398221,98725.5549751247
1.33713545821038,1.08067385121721,0.00396553792350985,86358.5871581676
1.38745148698253,0.942868243692152,0.00362953722575085,93854.6807292748
1.45899989091937,0.995045530085713,0.00436185668658268,90848.1865834004
1.35804735940925,1.06697617860028,0.00414875302644199,80511.6652178996
1.42950904456656,1.12076782570619,0.00394839125244609,83733.9458067913
1.40999151212415,1.20818630002262,0.003711434801277,86445.954670002
1.1732245771343,0.910041290357565,0.00369409492552247,107095.636660102
1.41395153849839,0.870407551976936,0.00435516735268473,106175.677968349
1.48744948591079,0.897359851345199,0.00411118580942841,108058.450604275
1.37628987481823,0.983062584745171,0.00291858677199857,96725.814286021
1.45572938360957,1.22299045173325,0.00355588669071849,84457.1142827449
1.23213790496671,1.035117687824,0.00348004850935618,92016.7424483859
1.42103548319706,1.1089531472126,0.00464077317688313,82495.6661487536
1.30611864705624,1.13677866603522,0.00467066401749401,83510.158701952
1.30288375704445,1.19233537948996,0.00464776062741415,109070.610005925
1.22978049054821,0.969945909607488,0.00400513995959766,82142.4502214259
1.24224397529396,0.986143041883922,0.00327974400422973,83100.1556861747
1.20728229622006,0.868418385842785,0.00420876450269897,104326.904339223
1.45091079295789,1.07992442065577,0.00494897482493425,78314.0031611876
1.34150990220252,1.02577070273334,0.00326119339952744,79445.0777820175
1.44907406787286,1.21143794180156,0.0042941270647898,95812.051757498
1.39834225675196,1.17040904285673,0.00385411210541353,92972.0416230693
1.35385265874307,0.991070391768873,0.00381879596694117,98503.4613685572
1.42035274243119,1.12048722218093,0.00342689066367267,85663.7598375744
1.28064364153536,0.929419865030711,0.00388400566617543,100614.065856643
1.49077464088898,0.892152609559513,0.00378461840663253,109200.375016527
1.28948682279411,0.932776111663706,0.00448318163503282,100359.371166259
1.38004113916861,0.963805855627631,0.00372820275676487,96822.6681148125
1.40446052859881,1.13894331085791,0.00457944531607062,86934.6351282123
1.44743183586898,1.13361699528425,0.00403026375109714,84151.4464843297
1.32501195390661,1.19098680477651,0.00434558945639836,104767.72197811
1.3753277180973,0.974909530994475,0.00400887121380207,97097.7362327151
1.22416181471495,1.06570835738814,0.00399147826792099,92094.2212028257
1.25049323960797,1.01743820483401,0.00454426750027222,85785.8093566891
1.48359817198366,0.834519179923446,0.00512771704838757,118891.395106306
1.40449294340981,1.16916421656158,0.00446380576652446,91770.112666514
1.43397254599685,1.019072763935,0.00379562287169558,77865.6192131515
1.29445844918206,1.0343475884949,0.00358050091141765,85544.2780277583
1.30278785377041,0.936347525011172,0.00372260135366989,99291.6337048629
1.36120480033659,0.887742678077695,0.00400719609821602,96734.3155939888
1.36833947189374,0.858734082508548,0.00369244187720277,110940.968237284
1.27327502329355,1.01027451988611,0.00408798870542548,83640.1591911749
1.18731921635013,0.954710410974036,0.00405108096283539,85164.4550457437
1.35294001568597,0.821117416539353,0.0038128059409284,115004.611937723
1.25293219126784,1.11656917770017,0.00409403534440468,97988.9523691166
1.22558140733648,1.10634209140106,0.00418353846335306,99037.090567815
1.33237613156667,1.02677474169206,0.00413133651409707,79739.8301040608
1.38637982969316,0.991374979977748,0.00401230988823169,91202.9853404806
1.42582266840659,1.03169086746469,0.00300571843432258,79306.2087512002
1.44827508225182,1.13260776018206,0.00403151057360672,83833.3178805529
1.45294813261092,1.00524074829049,0.0044133278449362,75441.4628160626
1.47881280898595,1.13764291370147,0.00362031716205756,80152.226694431
1.47028418590087,1.07627715725306,0.00454353439122823,74313.6100995028
1.4054319155432,1.28050963592289,0.00336472861963295,114018.411593423
1.29788279762014,1.05445875958529,0.00422494941952635,84155.3609039744
1.28191678963574,0.927051293537001,0.00460027778388037,100409.475623475
1.38785686547925,1.03945392245736,0.00352088703792526,77549.0026076871
1.39674620665398,1.07246198119728,0.0038619427659426,76885.0770230082
1.37765755645634,1.1055101544071,0.00429127771842707,86794.6485051957
1.32527501116089,1.04988295706394,0.00411493485689189,84871.9545951372
1.33408359142458,0.838477018707043,0.00527332728567015,112889.21364984
1.36376526436802,1.02290736949411,0.00461677261715082,64210.8265384816
1.13218057720454,1.08771678576229,0.00403325055157825,106190.442701982
1.14616815242426,1.2176658879196,0.00490497886601535,134151.57855045
1.25877696100052,1.18703086406702,0.00435951201709764,111262.752301591
1.35302866123235,0.99736064233998,0.0042255876304678,98955.1095669454
1.34794097099384,1.0415656283314,0.00478189206851132,76448.1832913411
1.45606425032341,1.17548041102296,0.00340606014124881,87952.4960168718
1.36241199430674,1.05817617213451,0.00405590958012966,78075.3578302909
1.35909662342506,1.17240127620384,0.00397558533866103,97223.5633877108
1.3767376981654,1.08958076161116,0.00466834304198612,83765.2132847104
1.29620542763677,1.07977636556238,0.00426257180584166,87831.2109326784
1.45508456507236,0.942941429762336,0.00412512786535681,92529.5582668109
1.35916713515164,1.06843830196249,0.00455824780815504,80382.8140873305
1.40177350991414,1.03269415889035,0.00442162095701339,79938.2754722136
1.12051998595492,0.976812437965701,0.00372138263010025,93744.901638446
1.4704620348191,1.02694176713552,0.00381111209188917,87519.2890599748
1.41462938094427,1.0533367070081,0.00413437876122795,77532.8684248424
1.44534675999784,1.11478143834057,0.00399276345841734,80927.1451924523
1.27074452686631,1.05461697391972,0.00399256720046703,88268.1236818442
1.4092730084335,1.07595803362094,0.00530192456270439,76372.1197903224
1.40237360481994,1.11076318666753,0.00353884293082034,85571.2168825514
1.39045474035034,1.01107331779048,0.00346287863850649,98429.3416298429
1.30735693156556,0.978499761880924,0.0048705460541755,101656.621526783
1.3447368415513,1.11385022364849,0.00370537018539342,88049.3879766583
1.48290664225248,1.13944179533962,0.00423174078617948,80171.2680496058
1.26380487099843,0.981026753522429,0.00405436452048173,66077.2869401147
1.3041109966343,0.909519389958455,0.00459637677536735,99978.7469464938
1.30826086869433,0.97322317047669,0.00570027774244325,100191.001331887
1.26749882373906,0.939331930170463,0.00445412967610192,102584.1900305
1.24363843257713,0.936624341584518,0.00422378337345679,103143.709474708
1.33898945896675,1.00033247088411,0.00328177835800928,81872.6368362983
1.38074208907344,0.92069937636225,0.00390352292802029,95551.9447416802
1.37813943269009,1.02271482830609,0.00368520852296757,80534.3857313656
1.33425325710312,1.06435285279256,0.00337798995307485,82592.3955189173
1.30140800391346,1.00636026008093,0.00369743324016796,81017.8769644266
1.37608910490953,0.944538819340986,0.00399903194662169,94704.0538450625
1.44097368956211,1.05994831227518,0.0045696193183275,74612.3517114523
1.23977745764231,1.00629976189431,0.00442991315980634,85591.5076009376
1.43908768598591,1.11304849230575,0.00365479843580557,80257.5724102679
1.31026634476237,1.06683757461935,0.00423994344064934,85398.6038921979
1.26793401823557,0.945293443522072,0.00383248254684562,103962.934172719
1.20037428180869,1.12071375292224,0.00483866801545989,104305.962686068
1.39273927874934,1.07465608880633,0.00465697958235254,79130.471844806
1.35840171999841,1.03942254949173,0.00312347516153573,61877.458731462
1.43796651222426,0.968241661801946,0.00353814216565823,91578.5876893724
1.30609868500276,1.16326669478651,0.00390446757596584,100946.291475169
1.34096122556941,1.11845478626627,0.00490315835048503,88997.8942261638
1.15515685249354,1.09350391389607,0.00303317955969237,104779.769061328
1.4550008494474,1.07729267875245,0.00345516018534835,78047.6581426812
1.39754141108998,1.09931018993922,0.00427775315089852,82837.6979036214
1.43492050368651,1.19204300982611,0.00442602446875154,93888.8110864327
1.37467272966139,0.980375453525257,0.00372241310403761,96812.4715398339
1.33122102338514,1.08825546073696,0.00447444179106761,86773.7330885076
1.39649608575183,1.10470495704395,0.00417809811490965,84991.8315585165
1.43361864252635,1.0052136999871,0.0044579029942976,95650.8950145018
1.34188786172495,0.975810241715498,0.00424378462144575,98501.0988719149
1.39337496869683,1.10733917054703,0.0040297327678018,83858.5857546753
1.41842097852948,1.00795287847316,0.00415330768141489,95399.7626121913
1.49729357337306,1.0256930925189,0.00390635303050893,86275.8875352174
1.19241825529025,1.17027109886213,0.00400011486821623,120650.392371098
1.39202665825315,1.09077755193771,0.00382292023800912,82243.0924101588
1.2089568377766,1.0173835631658,0.00399815579282277,89521.1855895372
1.33399717006196,0.839197882238345,0.00485484605277674,114840.3692346
1.46576826804908,0.921584282499338,0.00434724976533917,89347.5368592809
1.32299969453235,0.896872559593103,0.00436517534865562,102323.779546487
1.44567991185533,0.687158921434082,0.00356181192173282,257989.542280957
1.28720091577611,0.996798887891728,0.00413226513577187,79012.7224504676
1.37149133313686,1.11666105608105,0.00443354043640062,86143.3629890196
1.38724384148554,0.897080865941426,0.00424312092469155,93154.0217611737
1.34130609646594,1.06311239972838,0.00405172306257047,81038.5946975594
1.28240007706736,1.03462986492891,0.00317816631437238,86647.8010450499
1.42411939521816,1.2309063939399,0.00366740161329634,98795.157847862
1.15089165364417,0.9974420950217,0.00415441721249381,94203.7091325352
1.40133654588828,1.07604809971805,0.00465549933771102,76942.1944374253
1.34963725602903,1.13354264617048,0.00457835193661643,91250.0864886594
1.41235143148839,1.21201892105092,0.00468597827019388,93695.5500795495
1.49868099764092,1.0201659170271,0.00446333529723951,86294.920844691
1.30427865957413,1.05406199378307,0.00446974611568648,83099.5142167846
1.41403368471844,0.976470754471797,0.00428490331127088,92158.3884356889
1.20669290060758,0.9856520081575,0.0037769456522819,85699.8873316734
1.33322934391408,0.886592195328324,0.00416393669701186,99974.1246219495
1.45281563744494,1.16525075274513,0.00421884320995542,86674.110335399
1.3215420246442,1.24902935382512,0.00455612435202234,117715.812945839
1.43983523937693,0.904099255147472,0.00381939352933895,88787.592713038
1.25958703123104,0.941890256520342,0.0033904333923053,102851.570125459
1.27440995655428,1.188613444388,0.004543329125058,112133.069132615
1.28771419110321,1.00558706995439,0.00506020815839395,81332.2755210419
1.40259377224328,1.09060400586624,0.00401441811357018,81863.7191904729
1.38470997270711,1.0326271150695,0.00492851233440072,57852.1595790838
1.23863877930038,1.19762206463462,0.00406056247270983,120173.064242255
1.41494768942121,1.02164679862784,0.00503221925115503,79196.9578409844
1.39429660502998,1.04040135795325,0.00430280885062267,78477.7668091139
1.41518870073271,1.0594295949106,0.00573921480079809,78720.2505593411
1.3318739064295,1.11300492281251,0.00494468430638442,89049.2896249145
1.44435384236995,0.939751696985471,0.00396286939054388,93162.1982408315
1.28565663826117,1.00521005057027,0.00440069277339817,82342.4576610764
1.31749671370167,0.972662460733906,0.00440261307384215,99991.7758221737
1.3352727925824,0.901850946119272,0.00454633884013935,98900.9379767411
1.25943978319535,1.15210860584602,0.00509613950683645,105509.086060837
1.33783614568195,1.13736077721308,0.00485309122213239,93229.7509506334
1.36510277210032,1.08312619734408,0.00510771475829269,84237.3473291986
1.37727211593844,1.21233204446742,0.0057709227155728,101518.237218818
1.30149793027395,0.842183330371045,0.00517101476693418,115185.101305059
1.45032264182291,1.06384782989391,0.00496685064473842,74494.574345396
1.40654493699446,0.985321870267136,0.00440243538623885,95809.8483506006
1.35753374238734,1.00599913196856,0.00489202631500413,82703.1549756962
1.47317037167392,1.07864498982704,0.00472520249367668,74721.7032282306
1.42455104549045,1.02330787326444,0.00461604775671634,78781.5235541895
1.24322163281778,1.09394005359952,0.00465272943198885,94485.753543821
1.35529032432043,1.13604815243281,0.00475083971069154,91162.4356646172
1.40903899730459,1.09202833723395,0.00473666549681241,81994.6213338089
1.47867095943111,1.02306213681884,0.00482550575920937,93549.2495510836
1.20818509696079,1.04468667317786,0.00424759017794769,89820.7463345532
1.28011706308684,0.998357123721493,0.00457434537910298,82513.7296083907
1.45274281123443,1.05681954501141,0.0048635603805939,72037.0436169549
1.45100461447468,0.816915524128851,0.00458880479848798,123905.513751511
1.2532526093375,1.13077873058481,0.00525455552995072,100807.608156794
1.37151115433899,0.890486880573941,0.00517162393423177,95213.911954827
1.32382958035507,1.01931878065524,0.00496742619440965,78860.2569628412
1.41586944191172,0.918314699026797,0.005419713666713,94403.7516007187
1.4922610176499,1.17030338678773,0.0056794277850392,84550.8579955119
1.22899271121175,1.00670300510955,0.00425386017459444,85928.6768694248
1.47937900578538,0.981300118980704,0.00428834168097781,90519.296037159
1.40763291415505,1.11772643081827,0.00571253138336809,84433.4950437184
1.25908412637369,1.10046303060896,0.00480798415305676,94073.9541433581
1.31006445091988,1.01156090072151,0.00506519817800169,79792.639908247
1.37877865127686,0.950153897290095,0.00499789447836397,93394.7245848761
1.45001942240588,0.951849831262298,0.00507111425918651,91944.9906676382
1.3273928785814,1.08821226810466,0.00486530503124876,87069.0006049995
1.44983055507896,0.938972404933664,0.00473494156052297,92504.396538876
1.24076944480147,1.21650050980967,0.00357930867805405,122471.099170673
1.39595488541391,1.15421254415831,0.0047912646564512,90673.730528566
1.42323010701288,0.914531345591698,0.0052781914407753,94139.922463233
1.41841643477939,1.12184854609016,0.00422823925704794,84701.1594171152
1.43187383756819,1.01868791703172,0.00552933241327688,94789.0884131834
1.42153038340211,0.992519519668254,0.00452210463777504,95270.572553368
1.30907987212655,1.05876161520748,0.00454373567340973,83970.9421178872
1.27888880044264,1.06531201744424,0.00538529744601343,89049.4055260535
1.35009340597544,0.887302063150425,0.00482186268127082,97183.628511661
1.39943886057596,0.901325448131835,0.00551237216466365,92047.9157450533
1.38894488465186,1.06280152904995,0.00475717275009751,75609.1550960463
1.44248669739614,1.0619377076266,0.00545179772998175,74741.8161976616
1.29718429157503,0.963291481286808,0.00336845857614078,100679.270079428
1.20794694958428,1.019113675534,0.00491571317810622,89939.1218467759
1.34766232567981,1.10998869121947,0.00477386743294008,87616.5754086098
1.44858338756382,1.13066553394668,0.00487789097791917,83735.9082266011
1.41434968231236,1.05232305727721,0.00424654501095618,77443.6902250817
1.30860887265209,1.06788291410752,0.00460661483648359,85701.560958078
1.44929063133417,1.09017719182462,0.00476124522363991,75718.2944563699
1.26669003832322,1.13241939686802,0.00507308827786126,98758.7354578461
1.39372631092764,1.07895991142965,0.00478213455663574,79373.3957805056
1.40949686055709,0.905081116774491,0.00445472708934781,91514.6528331341
1.46999767274002,1.23668877825831,0.00490647251537282,85493.5807037897
1.34488212618008,1.00889302813464,0.00470100910356879,61926.3006616654
1.43489996428238,1.26253995505787,0.00483379220286123,103142.648100872
1.28162747117696,1.0756839907093,0.00539044291451401,88465.6359761331
1.31254423575905,1.15680484262294,0.00488776378425766,99994.597615833
1.40742663018086,1.1333123798296,0.00407108003112559,85662.9195010476
1.30323975262531,1.00508980029804,0.00485926374473335,78907.7651960218
1.46489664035212,0.769381273040833,0.00535759526568688,188430.278108835
1.46987697070454,0.959387584514526,0.00464724051929126,91100.2473548354
1.31530708101167,1.15478585521676,0.00459977295609922,98310.3385475281
1.41894994829165,1.0910565541391,0.00461048348180701,80212.7512488127
1.45312133261996,1.01827345754101,0.00505298739646641,94847.9358138744
1.3094536227017,1.0164817056952,0.00543547491557057,79821.8776176363
1.4084668599823,0.951384227441208,0.00477259425242813,92746.3126877747
1.24069925802231,1.16307402319758,0.00543571508830954,111268.631767871
1.37966843101595,1.05740372416818,0.00428764565279231,75837.0425419212
1.37067274269657,0.975645633796265,0.00560228124724201,96893.9683046552
1.27994223031158,0.993242481279469,0.00518989800972391,82806.5085596076
1.16700411541777,1.06667034447874,0.00482795338849153,98306.6510386838
1.30777373571298,1.05790206087771,0.00569088319084817,83937.7170349495
1.11705924735011,0.989438081297057,0.00543684366308167,84786.9600170081
1.33678377436359,1.11271059751784,0.00548172755860025,88629.0087879887
1.2519500846643,1.04658217405876,0.00513886702704506,88355.6342582863
1.34254884291784,0.948569942217388,0.00625866321428109,97348.1363132151
1.36757669779359,1.01695468432937,0.00543520967481792,81058.7155832317
1.44777814267542,1.02294324753528,0.00518419938241361,94680.3132121817
1.34579425934359,1.03637078896113,0.00503733031155881,75388.8764564484
1.45940598335843,0.9461666007342,0.00436114105087725,91758.7058116324
1.44358713951823,0.959386029252378,0.0050402422142858,91962.2174900168
1.3022737755106,0.989446611825484,0.00542422747885639,82892.78128533
1.47049048519791,1.04466550532512,0.00517070936685399,74678.3533438132
1.25771558828105,1.02763270856734,0.00495297447042377,86475.193025862
1.45652286190627,1.04892719649017,0.00470526906945091,73855.7015218542
1.23251237555749,1.02832377903787,0.00497666722133443,88840.4997754082
1.30890669866073,1.15915309178324,0.00488600014029655,97201.0661357807
1.29029658105285,0.994774087048868,0.00424036804720145,69759.1540272613
1.24117289776018,0.768602805204145,0.00414280977259384,148792.577953792
1.27110704595607,0.94827370184183,0.00566411113110205,101894.693612403
1.45421720179065,1.05060340775947,0.00504707631836252,74620.0735811408
1.36837200491405,1.28381403620288,0.00525940474480187,120302.377203999
1.43020583134146,1.06043352873243,0.00391558568880588,77927.9641867982
1.20401879071286,0.952868616192661,0.00486573181144931,85204.4299133652
1.43578492354894,0.843118135474301,0.0059230253431911,109966.943680839
1.2216927446578,0.995224993153111,0.00505876868989225,85519.9679448899
1.25476482537527,1.0350508840859,0.00488887498639208,87602.1799450508
1.39122328779315,1.02496398668629,0.00542304593740378,79930.6607085865
1.32266260799097,1.104069224738,0.00474594103396896,89535.9518092171
1.37858361626425,1.16668108833365,0.00456984617879214,94179.8216633642
1.43642216662143,1.00146203732412,0.00505125752469019,75263.3083532359
1.23890655115649,1.09014856798399,0.00451694100555662,94160.2527982093
1.32270584931452,0.885671643002098,0.00482275583764717,97107.9754563592
1.28086140671991,0.996982186448011,0.00441252869729038,80943.077858459
1.34640986549986,1.00885551598986,0.00562491280815519,69952.7103292625
1.40951809455016,1.21477564566465,0.0050245276376884,95771.1209858413
1.48088649701498,1.17285263568129,0.00457058144205232,85513.3559912881
1.20365738379804,0.85354778045402,0.00572420875489164,105907.037935723
1.40298233823563,0.93255773526954,0.00512689659094818,94124.8539501134
1.39868253083813,0.917147855440701,0.00403500732869951,95424.2246177261
1.47829621033547,0.875880314108276,0.00557357161877326,109616.534414352
1.29425129094499,1.05285240501943,0.00431985927350584,84212.7091255606
1.44003207843374,1.2123544150029,0.00481012619529006,83315.4193286905
1.40599350921323,1.07938505383374,0.00591837596746209,78713.4157700518
1.37896258343245,1.12647808476798,0.00488162818944575,87005.0647570576
1.36811263547367,1.01922024287224,0.00510228738984939,80767.6079026878
1.3634864412935,1.07526214601753,0.00580745981435629,82395.5006217558
1.29994754216181,0.982669730249624,0.00528791464212951,82723.5345247683
1.25860065038761,1.22953522923011,0.00550070697763098,123365.24806969
1.34132892351365,0.994660371050212,0.00497383969486349,100771.424061308
1.41054349432319,0.90084851230714,0.00502006062262704,91363.4353119284
1.39260436659308,1.05807937150926,0.00444882804342913,62682.1905985899
1.4154803088988,1.02910200269842,0.00425324866347871,79684.2272753511
1.41668988390083,1.17754372446181,0.00424581747649181,92237.5630562417
1.39444345026191,1.07082379295767,0.00450478965006524,76920.0243617629
1.12463901605314,1.14609361863125,0.00473993598264417,125886.753010736
1.31258642496265,1.04066097110311,0.00535657370600353,83920.6638151997
1.37483467469287,0.896801408209108,0.00487230583370785,93202.9225606821
1.36598182162667,1.24294635053852,0.00395022867917649,108937.743163626
1.37698008413337,1.17198868300749,0.00489951478482441,95084.9813968352
1.3964357053877,1.21594183724682,0.0048848783762605,98909.0825539729
1.36957311024043,1.0920269631857,0.00553062839878126,83299.1748205796
