"datetime","WindSp_ms"
2007-08-28,1.66764705882353
2007-08-29,2.27777777777778
2007-08-30,2.03888888888889
2007-08-31,2.79930555555556
2007-09-01,4.30625
2007-09-02,3.06111111111111
2007-09-03,4.11458333333333
2007-09-04,4.09166666666667
2007-09-05,2.92083333333333
2007-09-06,2.46875
2007-09-07,3.71041666666667
2007-09-08,4.72638888888889
2007-09-09,2.71736111111111
2007-09-10,2.65972222222222
2007-09-11,2.89375
2007-09-12,5.22430555555556
2007-09-13,2.69652777777778
2007-09-14,3.06875
2007-09-15,4.64097222222222
2007-09-16,3.56875
2007-09-17,1.59166666666667
2007-09-18,1.99652777777778
2007-09-19,1.68333333333333
2007-09-20,2.38125
2007-09-21,1.35138888888889
2007-09-22,2.40555555555556
2007-09-23,4.80763888888889
2007-09-24,4.00069444444444
2007-09-25,3.13402777777778
2007-09-26,4.51041666666667
2007-09-27,1.96944444444444
2007-09-28,3.19930555555556
2007-09-29,4.34722222222222
2007-09-30,2.53472222222222
2007-10-01,3.36736111111111
2007-10-02,2.625
2007-10-03,NA
2007-10-04,NA
2007-10-05,NA
2007-10-06,1.49861111111111
2007-10-07,3.53402777777778
2007-10-08,2.3625
2007-10-09,3.69652777777778
2007-10-10,3.71527777777778
2007-10-11,3.18055555555556
2007-10-12,5.39583333333333
2007-10-13,6.01041666666667
2007-10-14,4.10277777777778
2007-10-15,4.38958333333333
2007-10-16,4.10486111111111
2007-10-17,3.27013888888889
2007-10-18,1.84027777777778
2007-10-19,2.45
2007-10-20,4.18888888888889
2007-10-21,5.47361111111111
2007-10-22,2.79305555555556
2007-10-23,4.71805555555556
2007-10-24,3.67083333333333
2007-10-25,2.34791666666667
2007-10-26,2.50069444444444
2007-10-27,3.20833333333333
2007-10-28,6.51944444444444
2007-10-29,4.22013888888889
2007-10-30,3.84305555555556
2007-10-31,2.58611111111111
2007-11-01,6.12222222222222
2007-11-02,3.64861111111111
2007-11-03,3.82152777777778
2007-11-04,NA
2007-11-05,2.05277777777778
2007-11-06,4.78819444444444
2007-11-07,4.89166666666667
2007-11-08,3.37291666666667
2007-11-09,2.20625
2007-11-10,3.42152777777778
2007-11-11,5.50555555555556
2007-11-12,3.1
2007-11-13,3.55555555555556
2007-11-14,3.34583333333333
2007-11-15,3.29583333333333
2007-11-16,6.71388888888889
2007-11-17,7.27777777777778
2007-11-18,3.59375
2007-11-19,2.99791666666667
2007-11-20,2.90347222222222
2007-11-21,2.19861111111111
2007-11-22,2.91527777777778
2007-11-23,6.17430555555556
2007-11-24,5.60138888888889
2007-11-25,3.96666666666667
2007-11-26,2.33541666666667
2007-11-27,4.60555555555556
2007-11-28,5.05277777777778
2007-11-29,4.24444444444444
2007-11-30,6.95833333333333
2007-12-01,8.10138888888889
2007-12-02,3.99097222222222
2007-12-03,6.64236111111111
2007-12-04,7.44444444444444
2007-12-05,4.13819444444444
2007-12-06,4.83958333333333
2007-12-07,2.96736111111111
2007-12-08,3.71041666666667
2007-12-09,3.01041666666667
2007-12-10,2.16041666666667
2007-12-11,2.71527777777778
2007-12-12,4.73125
2007-12-13,NA
2007-12-14,NA
2007-12-15,NA
2007-12-16,NA
2007-12-17,NA
2007-12-18,NA
2007-12-19,NA
2007-12-20,NA
2007-12-21,3.25902777777778
2007-12-22,9.05486111111111
2007-12-23,2.84583333333333
2007-12-24,7.0125
2007-12-25,7.84375
2007-12-26,2.22013888888889
2007-12-27,2.70694444444444
2007-12-28,1.85416666666667
2007-12-29,3.00694444444444
2007-12-30,4.83194444444444
2007-12-31,NA
2008-01-01,2.70416666666667
2008-01-02,4.65416666666667
2008-01-03,5.53263888888889
2008-01-04,3.21388888888889
2008-01-05,2.59444444444444
2008-01-06,1.82777777777778
2008-01-07,1.7875
2008-01-08,2.41666666666667
2008-01-09,4.50208333333333
2008-01-10,7.29930555555556
2008-01-11,4.79305555555556
2008-01-12,3.77638888888889
2008-01-13,1.58541666666667
2008-01-14,3.38055555555556
2008-01-15,3.08055555555556
2008-01-16,4.87777777777778
2008-01-17,2.47430555555556
2008-01-18,3.46666666666667
2008-01-19,5.13958333333333
2008-01-20,5.32222222222222
2008-01-21,6.93055555555556
2008-01-22,3.74027777777778
2008-01-23,4.95138888888889
2008-01-24,3.41319444444444
2008-01-25,4.60138888888889
2008-01-26,4.02222222222222
2008-01-27,2.19236111111111
2008-01-28,4.12083333333333
2008-01-29,2.79652777777778
2008-01-30,2.95204081632653
2008-02-03,2.56847826086957
2008-02-04,1.59166666666667
2008-02-05,3.36180555555556
2008-02-06,2.51597222222222
2008-02-07,3.64166666666667
2008-02-08,2.42708333333333
2008-02-09,2.05138888888889
2008-02-10,3.05138888888889
2008-02-11,9.38611111111111
2008-02-12,4.77083333333333
2008-02-13,NA
2008-02-14,NA
2008-02-15,4.58194444444444
2008-02-16,5.03472222222222
2008-02-17,3.31875
2008-02-18,3.71805555555556
2008-02-19,4.73402777777778
2008-02-20,6.55138888888889
2008-02-21,4.7
2008-02-22,2.20069444444444
2008-02-23,2.89861111111111
2008-02-24,3.87638888888889
2008-02-25,2.97361111111111
2008-02-26,2.35347222222222
2008-02-27,4.30416666666667
2008-02-28,5.67638888888889
2008-02-29,2.91388888888889
2008-03-01,2.98472222222222
2008-03-02,6.71944444444444
2008-03-03,2.88472222222222
2008-03-04,4.29930555555556
2008-03-05,NA
2008-03-06,4.21875
2008-03-07,2.62986111111111
2008-03-08,3.80208333333333
2008-03-09,NA
2008-03-10,5.45069444444444
2008-03-11,3.66041666666667
2008-03-12,2.86041666666667
2008-03-13,4.78819444444444
2008-03-14,1.775
2008-03-15,2.41041666666667
2008-03-16,2.24444444444444
2008-03-17,6.87777777777778
2008-03-18,2.93541666666667
2008-03-19,3.39027777777778
2008-03-20,8.47083333333333
2008-03-21,9.69513888888889
2008-03-22,8.23680555555556
2008-03-23,4.85625
2008-03-24,2.66319444444444
2008-03-25,2.45972222222222
2008-03-26,6.63194444444444
2008-03-27,3.74791666666667
2008-03-28,NA
2008-03-29,4.43472222222222
2008-03-30,3.25138888888889
2008-03-31,1.72361111111111
2008-04-01,4.59444444444444
2008-04-02,9.3875
2008-04-03,6.39027777777778
2008-04-04,3.03541666666667
2008-04-05,2.77013888888889
2008-04-06,2.72291666666667
2008-04-07,5.15347222222222
2008-04-08,2.94027777777778
2008-04-09,1.96944444444444
2008-04-10,4.71666666666667
2008-04-11,2.14027777777778
2008-04-12,2.44652777777778
2008-04-13,4.46388888888889
2008-04-14,4.92152777777778
2008-04-15,2.60486111111111
2008-04-16,1.62777777777778
2008-04-17,0.967361111111111
2008-04-18,1.35902777777778
2008-04-19,1.76944444444444
2008-04-20,2.87847222222222
2008-04-21,1.78819444444444
2008-04-22,1.41041666666667
2008-04-23,2.40625
2008-04-24,4.63541666666667
2008-04-25,2.17916666666667
2008-04-26,3.18819444444444
2008-04-27,2.56666666666667
2008-04-28,4.10625
2008-04-29,3.89861111111111
2008-04-30,4.51597222222222
2008-05-01,2.38819444444444
2008-05-02,2.09652777777778
2008-05-03,3.08263888888889
2008-05-04,3.77638888888889
2008-05-05,2.22152777777778
2008-05-06,1.925
2008-05-07,2.85
2008-05-08,4.16388888888889
2008-05-09,3.03958333333333
2008-05-10,2.85972222222222
2008-05-11,2.29722222222222
2008-05-12,5.20069444444444
2008-05-13,3.03611111111111
2008-05-14,2.33541666666667
2008-05-15,2.78402777777778
2008-05-16,1.72222222222222
2008-05-17,3.45069444444444
2008-05-18,3.84236111111111
2008-05-19,4.75833333333333
2008-05-20,6.20555555555556
2008-05-21,3.39652777777778
2008-05-22,3.57430555555556
2008-05-23,4.52777777777778
2008-05-24,4.42361111111111
2008-05-25,2.61180555555556
2008-05-26,3.67152777777778
2008-05-27,5.39861111111111
2008-05-28,5.79583333333333
2008-05-29,4.84722222222222
2008-05-30,2.55
2008-05-31,2.59027777777778
2008-06-01,3.68055555555556
2008-06-02,3.63819444444444
2008-06-03,2.45
2008-06-04,2.50277777777778
2008-06-05,3.70625
2008-06-06,3.65833333333333
2008-06-07,2.50486111111111
2008-06-08,3.17222222222222
2008-06-09,2.61458333333333
2008-06-10,1.775
2008-06-11,4.37083333333333
2008-06-12,4.175
2008-06-13,2.43888888888889
2008-06-14,2.13472222222222
2008-06-15,2.95069444444444
2008-06-16,3.0625
2008-06-17,3.3
2008-06-18,3.21388888888889
2008-06-19,3.34027777777778
2008-06-20,2.89930555555556
2008-06-21,3.07013888888889
2008-06-22,1.94583333333333
2008-06-23,2.80902777777778
2008-06-24,2.63541666666667
2008-06-25,3.76458333333333
2008-06-26,2.59027777777778
2008-06-27,2.52777777777778
2008-06-28,2.57152777777778
2008-06-29,2.93263888888889
2008-06-30,3.40972222222222
2008-07-01,2.16388888888889
2008-07-02,2.87986111111111
2008-07-03,3.76388888888889
2008-07-04,2.32430555555556
2008-07-05,2.00069444444444
2008-07-06,2.16111111111111
2008-07-07,2.70486111111111
2008-07-08,2.93472222222222
2008-07-09,4.18680555555556
2008-07-10,3.98472222222222
2008-07-11,2.62361111111111
2008-07-12,2.45902777777778
2008-07-13,3.96111111111111
2008-07-14,3.55625
2008-07-15,3.18402777777778
2008-07-16,2.10833333333333
2008-07-17,2.375
2008-07-18,2.31944444444444
2008-07-19,3.92847222222222
2008-07-20,2.15763888888889
2008-07-21,2.90138888888889
2008-07-22,2.21458333333333
2008-07-23,4.20277777777778
2008-07-24,4.06597222222222
2008-07-25,3.9625
2008-07-26,2.32291666666667
2008-07-27,3.71944444444444
2008-07-28,3.41944444444444
2008-07-29,3.32291666666667
2008-07-30,2.77986111111111
2008-07-31,1.96805555555556
2008-08-01,2.08055555555556
2008-08-02,1.86041666666667
2008-08-03,2.99652777777778
2008-08-04,3.62916666666667
2008-08-05,2.44583333333333
2008-08-06,3.90763888888889
2008-08-07,2.55416666666667
2008-08-08,2.43333333333333
2008-08-09,2.54861111111111
2008-08-10,2.01597222222222
2008-08-11,3.37152777777778
2008-08-12,3.33611111111111
2008-08-13,3.42777777777778
2008-08-14,1.99513888888889
2008-08-15,2.17569444444444
2008-08-16,2.57986111111111
2008-08-17,3.72361111111111
2008-08-18,3.31666666666667
2008-08-19,4.48333333333333
2008-08-20,4.75555555555556
2008-08-21,2.96666666666667
2008-08-22,1.64513888888889
2008-08-23,1.96597222222222
2008-08-24,2.48333333333333
2008-08-25,3.41666666666667
2008-08-26,5.05972222222222
2008-08-27,2.26111111111111
2008-08-28,2.66597222222222
2008-08-29,2.23125
2008-08-30,3.49652777777778
2008-08-31,4.54444444444444
2008-09-01,4.01736111111111
2008-09-02,3.23888888888889
2008-09-03,1.19236111111111
2008-09-04,2.43055555555556
2008-09-05,2.78402777777778
2008-09-06,2.85
2008-09-07,4.22638888888889
2008-09-08,3.57569444444444
2008-09-09,3.49097222222222
2008-09-10,4.05694444444444
2008-09-11,2.57013888888889
2008-09-12,3.33125
2008-09-13,2.58680555555556
2008-09-14,2.85694444444444
2008-09-15,7.86458333333333
2008-09-16,3.19444444444444
2008-09-17,2.79097222222222
2008-09-18,4.56111111111111
2008-09-19,2.90277777777778
2008-09-20,2.72222222222222
2008-09-21,2.72986111111111
2008-09-22,2.28958333333333
2008-09-23,2.35763888888889
2008-09-24,2.56527777777778
2008-09-25,1.97847222222222
2008-09-26,3.8875
2008-09-27,3.29513888888889
2008-09-28,1.90555555555556
2008-09-29,3.70833333333333
2008-09-30,2.24791666666667
2008-10-07,4.27142857142857
2008-10-08,3.30208333333333
2008-10-09,4.10416666666667
2008-10-10,3.80347222222222
2008-10-11,2.55277777777778
2008-10-12,2.46458333333333
2008-10-13,1.69861111111111
2008-10-14,3.0875
2008-10-15,2.70277777777778
2008-10-16,1.68472222222222
2008-10-17,4.76041666666667
2008-10-18,3.02708333333333
2008-10-19,2.73263888888889
2008-10-20,2.14236111111111
2008-10-21,2.12777777777778
2008-10-22,4.57847222222222
2008-10-23,4.00555555555556
2008-10-24,3.39027777777778
2008-10-25,2.92430555555556
2008-10-26,4.88125
2008-10-27,1.93958333333333
2008-10-28,3.49791666666667
2008-10-29,7.61388888888889
2008-10-30,6.8125
2008-10-31,4.18819444444444
2008-11-01,3.48611111111111
2008-11-02,3.62266666666667
2008-11-03,2.82222222222222
2008-11-04,2.62777777777778
2008-11-05,1.675
2008-11-06,2.16319444444444
2008-11-07,1.66180555555556
2008-11-08,2.07569444444444
2008-11-09,4.11319444444444
2008-11-10,4.73333333333333
2008-11-11,5.11736111111111
2008-11-12,3.06111111111111
2008-11-13,2.44722222222222
2008-11-14,2.67777777777778
2008-11-15,2.13125
2008-11-16,5.27916666666667
2008-11-17,6.53956043956044
2008-11-18,4.2
2008-11-19,6.68125
2008-11-20,5.82916666666667
2008-11-21,5.33194444444444
2008-11-22,6.46458333333333
2008-11-23,8.43194444444444
2008-11-24,3.91597222222222
2008-11-25,5.79861111111111
2008-11-26,4.0625
2008-11-27,3.49166666666667
2008-11-28,3.61180555555556
2008-11-29,4.80416666666667
2008-11-30,2.66111111111111
2008-12-01,6.33888888888889
2008-12-02,6.11319444444444
2008-12-03,3
2008-12-04,3.84652777777778
2008-12-05,NA
2008-12-06,3.64305555555556
2008-12-07,3.71875
2008-12-08,7.44097222222222
2008-12-09,3.05694444444444
2008-12-10,6.04583333333333
2008-12-11,3.96875
2008-12-12,NA
2008-12-13,6.18472222222222
2008-12-14,3.27847222222222
2008-12-15,5.76111111111111
2008-12-16,7.32013888888889
2008-12-17,3.47777777777778
2008-12-18,4.18541666666667
2008-12-19,4.16944444444444
2008-12-20,4.01458333333333
2008-12-21,4.18055555555556
2008-12-22,9.21388888888889
2008-12-23,5.61111111111111
2008-12-24,3.27708333333333
2008-12-25,NA
2008-12-26,NA
2008-12-27,NA
2008-12-28,NA
2008-12-29,NA
2008-12-30,NA
2008-12-31,NA
2009-01-01,NA
2009-01-02,NA
2009-01-03,NA
2009-01-04,NA
2009-01-05,NA
2009-01-06,NA
2009-01-07,NA
2009-01-08,NA
2009-01-09,NA
2009-01-10,NA
2009-01-11,NA
2009-01-12,NA
2009-01-13,NA
2009-01-14,NA
2009-01-15,NA
2009-02-06,NA
2009-02-18,6.61584158415842
2009-02-19,NA
2009-02-23,15.5583333333333
2009-02-24,11.7680555555556
2009-02-25,4.95208333333333
2009-02-26,4.07986111111111
2009-02-27,5.44930555555556
2009-02-28,12.91875
2009-03-01,6.40902777777778
2009-03-02,10.6659722222222
2009-03-03,13.8180555555556
2009-03-04,9.67638888888889
2009-03-05,5.01666666666667
2009-03-06,5.41736111111111
2009-03-07,7.80347222222222
2009-03-08,NA
2009-03-09,8.07708333333333
2009-03-10,2.88680555555556
2009-03-11,10.0743055555556
2009-03-12,15.6944444444444
2009-03-13,5.79930555555556
2009-03-14,5.77291666666667
2009-03-15,3.34861111111111
2009-03-16,4.30972222222222
2009-03-17,4.29583333333333
2009-03-18,5.43958333333333
2009-03-19,6.33680555555556
2009-03-20,8.05069444444444
2009-03-21,4.83402777777778
2009-03-22,6.70486111111111
2009-03-23,14.1520833333333
2009-03-24,14.3986111111111
2009-03-25,3.95902777777778
2009-03-26,3.96041666666667
2009-03-27,4.26597222222222
2009-03-28,4.07777777777778
2009-03-29,9.57916666666667
2009-03-30,7.98263888888889
2009-03-31,9.64652777777778
2009-04-01,6.31180555555556
2009-04-02,4.87986111111111
2009-04-03,9.17638888888889
2009-04-04,11.3270833333333
2009-04-05,12.2506944444444
2009-04-06,7.74027777777778
2009-04-07,7.94791666666667
2009-04-08,11.5909722222222
2009-04-09,11.7222222222222
2009-04-10,7.50208333333333
2009-04-11,3.18055555555556
2009-04-12,16.2090277777778
2009-04-13,14.875
2009-04-14,4.94097222222222
2009-04-15,3.28787878787879
2009-07-28,3.19333333333333
2009-07-29,3.38958333333333
2009-07-30,3.42361111111111
2009-07-31,2.05
2009-08-01,2.49930555555556
2009-08-02,2.88888888888889
2009-08-03,3.34791666666667
2009-08-04,2.02777777777778
2009-08-05,4.10486111111111
2009-08-06,2.93680555555556
2009-08-07,4.05277777777778
2009-08-08,NA
2009-08-09,2.35416666666667
2009-08-10,3.42986111111111
2009-08-11,NA
2009-08-12,2.75972222222222
2009-08-13,2.72083333333333
2009-08-14,1.99236111111111
2009-08-15,2.03472222222222
2009-08-16,1.69166666666667
2009-08-17,2.45
2009-08-18,2.5625
2009-08-19,3.75277777777778
2009-08-20,2.40347222222222
2009-08-21,3.125
2009-08-22,2.00972222222222
2009-08-23,2.61944444444444
2009-08-24,2.33055555555556
2009-08-25,2.32986111111111
2009-08-26,3.84513888888889
2009-08-27,4.03333333333333
2009-08-28,2.24583333333333
2009-08-29,5.35833333333333
2009-08-30,2.79444444444444
2009-08-31,3.94861111111111
2009-09-01,2.73541666666667
2009-09-02,2.30486111111111
2009-09-03,2.01527777777778
2009-09-04,2.29722222222222
2009-09-05,3.06111111111111
2009-09-06,3.03125
2009-09-07,2.41458333333333
2009-09-08,2.52013888888889
2009-09-09,2.41944444444444
2009-09-10,2.80763888888889
2009-09-11,3.24861111111111
2009-09-12,3.27986111111111
2009-09-13,2.78055555555556
2009-09-14,3.63402777777778
2009-09-15,3.44652777777778
2009-09-16,3.13958333333333
2009-09-17,2.27222222222222
2009-09-18,4.21666666666667
2009-09-19,5.76527777777778
2009-09-20,3.15555555555556
2009-09-21,2.60138888888889
2009-09-22,2.49166666666667
2009-09-23,3.03819444444444
2009-09-24,3.81666666666667
2009-09-25,4.71944444444444
2009-09-26,2.40069444444444
2009-09-27,3.83888888888889
2009-09-28,3.47361111111111
2009-09-29,3.91041666666667
2009-09-30,4.26527777777778
2009-10-01,3.80486111111111
2009-10-02,2.86875
2009-10-03,4.03541666666667
2009-10-04,2.04513888888889
2009-10-05,3.78611111111111
2009-10-06,4.05902777777778
2009-10-07,4.07291666666667
2009-10-08,6.12222222222222
2009-10-09,2.21319444444444
2009-10-10,3.12083333333333
2009-10-11,3.92638888888889
2009-10-12,3.83194444444444
2009-10-13,3.24513888888889
2009-10-14,4.59097222222222
2009-10-15,3.00416666666667
2009-10-16,4.88680555555556
2009-10-17,3.09861111111111
2009-10-18,3.83402777777778
2009-10-19,3.61319444444444
2009-10-20,2.34097222222222
2009-10-21,2.49652777777778
2009-10-22,2.39513888888889
2009-10-23,4.54791666666667
2009-10-24,5.21388888888889
2009-10-25,4.27777777777778
2009-10-26,3.16666666666667
2009-10-27,3.05277777777778
2009-10-28,4.10694444444444
2009-10-29,2.64097222222222
2009-10-30,1.97430555555556
2009-10-31,6.00347222222222
2009-11-01,4.968
2009-11-02,2.43055555555556
2009-11-03,2.35694444444444
2009-11-04,3.95069444444444
2009-11-05,2.44861111111111
2009-11-06,3.8
2009-11-07,2.88611111111111
2009-11-08,3.77708333333333
2009-11-09,2.0875
2009-11-10,3.16388888888889
2009-11-11,2.96736111111111
2009-11-12,1.98472222222222
2009-11-13,2.54375
2009-11-14,5.18402777777778
2009-11-15,1.99583333333333
2009-11-16,4.73680555555556
2009-11-17,4.05625
2009-11-18,1.89236111111111
2009-11-19,2.22291666666667
2009-11-20,3.81388888888889
2009-11-21,5.38541666666667
2009-11-22,2.61736111111111
2009-11-23,3.63125
2009-11-24,2.76527777777778
2009-11-25,1.78333333333333
2009-11-26,1.93472222222222
2009-11-27,3.63888888888889
2009-11-28,8.14861111111111
2009-11-29,6.66805555555556
2009-11-30,2.75416666666667
2009-12-01,4.43472222222222
2009-12-02,2.89861111111111
2009-12-03,4.58958333333333
2009-12-04,4.66527777777778
2009-12-05,1.9625
2009-12-06,5.52638888888889
2009-12-07,3.30972222222222
2009-12-08,3.32986111111111
2009-12-09,5.28055555555556
2009-12-10,5.25347222222222
2009-12-11,8.35138888888889
2009-12-12,NA
2009-12-13,3.47569444444444
2009-12-14,2.67569444444444
2009-12-15,2.67777777777778
2009-12-16,5.86180555555556
2009-12-17,5.97430555555556
2009-12-18,4.29583333333333
2009-12-19,2.3625
2009-12-20,3.81597222222222
2009-12-21,5.23402777777778
2009-12-22,NA
2009-12-23,3.13541666666667
2009-12-24,3.24166666666667
2009-12-25,1.58611111111111
2009-12-26,1.84375
2009-12-27,NA
2009-12-28,2.14236111111111
2009-12-29,5.55208333333333
2009-12-30,3.87152777777778
2009-12-31,1.08837209302326
2010-01-01,0.682352941176471
2010-01-02,NA
2010-01-03,3.82916666666667
2010-01-04,3.51597222222222
2010-01-05,2.55208333333333
2010-01-06,2.9375
2010-01-07,3.28611111111111
2010-01-08,2.76319444444444
2010-01-09,NA
2010-01-10,NA
2010-01-11,NA
2010-01-12,3.00694444444444
2010-01-13,NA
2010-01-14,1.40138888888889
2010-01-15,2.49791666666667
2010-01-16,3.17013888888889
2010-01-17,1.41041666666667
2010-01-18,2.43680555555556
2010-01-19,0.782638888888889
2010-01-20,NA
2010-01-21,2.40416666666667
2010-01-22,NA
2010-01-23,NA
2010-01-24,NA
2010-01-25,1.40416666666667
2010-01-26,3.55416666666667
2010-01-27,3.53819444444444
2010-01-28,2.23055555555556
2010-01-29,NA
2010-01-30,NA
2010-01-31,NA
2010-02-01,4.00138888888889
2010-02-02,2.06805555555556
2010-02-03,0.938888888888889
2010-02-04,3.47986111111111
2010-02-05,NA
2010-02-06,NA
2010-02-07,NA
2010-02-08,3.84513888888889
2010-02-09,3.26736111111111
2010-02-10,2.45138888888889
2010-02-11,3.70555555555556
2010-02-12,2.87222222222222
2010-02-13,2.91041666666667
2010-02-14,4.08958333333333
2010-02-15,5.26458333333333
2010-02-16,NA
2010-02-17,NA
2010-02-18,2.81319444444444
2010-02-19,NA
2010-02-20,NA
2010-02-21,3.475
2010-02-22,2.58958333333333
2010-02-23,1.05972222222222
2010-02-24,3.33125
2010-02-25,3.24027777777778
2010-02-26,4.13263888888889
2010-02-27,2.41319444444444
2010-02-28,1.43125
2010-03-01,4.81527777777778
2010-03-02,1.65277777777778
2010-03-03,1.40208333333333
2010-03-04,3.98472222222222
2010-03-05,NA
2010-03-06,2.65625
2010-03-07,2.34513888888889
2010-03-08,3.26319444444444
2010-03-09,NA
2010-03-10,0.936805555555556
2010-03-11,0.821527777777778
2010-03-12,1.05138888888889
2010-03-13,2.32847222222222
2010-03-14,NA
2010-03-15,6.43958333333333
2010-03-16,1.28333333333333
2010-03-17,1.40902777777778
2010-03-18,2.57083333333333
2010-03-19,NA
2010-03-20,1.91666666666667
2010-03-21,1.80972222222222
2010-03-22,2.06805555555556
2010-03-23,NA
2010-03-24,5.0375
2010-03-25,NA
2010-03-26,NA
2010-03-27,NA
2010-03-28,NA
2010-03-29,NA
2010-03-30,NA
2010-03-31,NA
2010-04-01,NA
2010-04-02,NA
2010-04-03,NA
2010-04-04,NA
2010-04-05,NA
2010-04-06,NA
2010-04-07,NA
2010-04-08,NA
2010-04-09,NA
2010-04-10,NA
2010-04-11,NA
2010-04-12,NA
2010-04-13,NA
2010-04-14,NA
2010-04-15,NA
2010-04-16,NA
2010-04-17,NA
2010-04-18,NA
2010-04-19,NA
2010-04-20,NA
2010-04-21,NA
2010-05-17,NA
2010-05-18,NA
2010-05-19,NA
2010-05-20,NA
2010-05-21,1.99236111111111
2010-05-22,2.18125
2010-05-23,2.67777777777778
2010-05-24,1.82916666666667
2010-05-25,2.12569444444444
2010-05-26,3.31597222222222
2010-05-27,3.15902777777778
2010-05-28,2.45416666666667
2010-05-29,2.43611111111111
2010-05-30,3.775
2010-05-31,3.10694444444444
2010-06-01,3.35625
2010-06-02,2.10763888888889
2010-06-03,2.73958333333333
2010-06-04,2.19097222222222
2010-06-05,2.69513888888889
2010-06-06,3.54444444444444
2010-06-07,4.99097222222222
2010-06-08,4.52083333333333
2010-06-09,3.21736111111111
2010-06-10,3.86944444444444
2010-06-11,1.79375
2010-06-12,1.78333333333333
2010-06-13,2.84513888888889
2010-06-14,1.80416666666667
2010-06-15,3.79722222222222
2010-06-16,2.24861111111111
2010-06-17,3.61527777777778
2010-06-18,3.39166666666667
2010-06-19,3.15138888888889
2010-06-20,3.87083333333333
2010-06-21,3.51388888888889
2010-06-22,2.49097222222222
2010-06-23,3.53263888888889
2010-06-24,3.50277777777778
2010-06-25,3.15
2010-06-26,2.90763888888889
2010-06-27,2.20972222222222
2010-06-28,3.30902777777778
2010-06-29,3.8375
2010-06-30,4.43680555555556
2010-07-01,4.45
2010-07-02,4.1375
2010-07-03,2.88680555555556
2010-07-04,4.04375
2010-07-05,2.41944444444444
2010-07-06,3.0625
2010-07-07,1.3625
2010-07-08,2.13333333333333
2010-07-09,4.46319444444444
2010-07-10,3.13402777777778
2010-07-11,1.91597222222222
2010-07-12,2.23333333333333
2010-07-13,2.99236111111111
2010-07-14,2.62847222222222
2010-07-15,1.89513888888889
2010-07-16,2.42847222222222
2010-07-17,3.92291666666667
2010-07-18,5.19166666666667
2010-07-19,2.54027777777778
2010-07-20,2.42430555555556
2010-07-21,2.36875
2010-07-22,4.17847222222222
2010-07-23,3.35555555555556
2010-07-24,1.95833333333333
2010-07-25,3.27638888888889
2010-07-26,5.34236111111111
2010-07-27,4.69583333333333
2010-07-28,3.22708333333333
2010-07-29,4.15555555555556
2010-07-30,3.56805555555556
2010-07-31,2.56180555555556
2010-08-01,2.01180555555556
2010-08-02,2.28541666666667
2010-08-03,2.80694444444444
2010-08-04,4.58472222222222
2010-08-05,2.53541666666667
2010-08-06,4.18680555555556
2010-08-07,3.35208333333333
2010-08-08,2.61527777777778
2010-08-09,4.19375
2010-08-10,1.88402777777778
2010-08-11,2.29861111111111
2010-08-12,2.63194444444444
2010-08-13,2.96319444444444
2010-08-14,2.32777777777778
2010-08-15,3.97569444444444
2010-08-16,3.99583333333333
2010-08-17,3.39930555555556
2010-08-18,2.99375
2010-08-19,2.16944444444444
2010-08-20,4.13333333333333
2010-08-21,2.44652777777778
2010-08-22,2.69513888888889
2010-08-23,6.5875
2010-08-24,4.85208333333333
2010-08-25,4.48611111111111
2010-08-26,3.40972222222222
2010-08-27,4.08888888888889
2010-08-28,3.27708333333333
2010-08-29,3.14305555555556
2010-08-30,3.48611111111111
2010-08-31,2.89166666666667
2010-09-01,2.14513888888889
2010-09-02,2.45
2010-09-03,2.20416666666667
2010-09-04,4.44722222222222
2010-09-05,5.98263888888889
2010-09-06,3.60555555555556
2010-09-07,2.98541666666667
2010-09-08,4.05902777777778
2010-09-09,4.08819444444444
2010-09-10,4.55138888888889
2010-09-11,3.41736111111111
2010-09-12,3.30138888888889
2010-09-13,3.08888888888889
2010-09-14,3.62291666666667
2010-09-15,3.61944444444444
2010-09-16,3.10277777777778
2010-09-17,3.99166666666667
2010-09-18,2.88888888888889
2010-09-19,2.43125
2010-09-20,4.08194444444444
2010-09-21,3.09513888888889
2010-09-22,4.42638888888889
2010-09-23,2.63819444444444
2010-09-24,2.74027777777778
2010-09-25,5.26111111111111
2010-09-26,2.85069444444444
2010-09-27,4.64930555555556
2010-09-28,3.6625
2010-09-29,4.47430555555556
2010-09-30,2.06180555555556
2010-10-01,5.70486111111111
2010-10-02,5.29930555555556
2010-10-03,2.61319444444444
2010-10-04,4.41597222222222
2010-10-05,4.54722222222222
2010-10-06,5.51388888888889
2010-10-07,4.43819444444444
2010-10-08,6.49166666666667
2010-10-09,5.64444444444444
2010-10-10,4.38888888888889
2010-10-11,3.88194444444444
2010-10-12,2.25902777777778
2010-10-13,3.18680555555556
2010-10-14,2.61041666666667
2010-10-15,6.32916666666667
2010-10-16,7.03888888888889
2010-10-17,5.36458333333333
2010-10-18,4.72291666666667
2010-10-19,3.31111111111111
2010-10-20,2.18402777777778
2010-10-21,3.33194444444444
2010-10-22,5.13055555555556
2010-10-23,6.26875
2010-10-24,2.82361111111111
2010-10-25,NA
2010-10-26,1.08402777777778
2010-10-27,1.33263888888889
2010-10-28,1.66875
2010-10-29,1.12121212121212
2010-12-14,NA
2010-12-15,NA
2010-12-16,NA
2010-12-17,NA
2010-12-18,NA
2010-12-19,NA
2010-12-20,NA
2010-12-21,NA
2010-12-22,NA
2010-12-23,NA
2011-01-03,1.33611111111111
2011-01-04,0.808333333333333
2011-01-05,1.01736111111111
2011-01-06,0.866666666666667
2011-01-07,1.55347222222222
2011-01-08,1.94652777777778
2011-01-09,1.03125
2011-01-10,1.46319444444444
2011-01-11,0.877777777777778
2011-01-12,2.225
2011-01-13,1.34444444444444
2011-01-14,1.23402777777778
2011-01-15,1.24236111111111
2011-01-16,1.36388888888889
2011-01-17,0.913194444444444
2011-01-18,2.18819444444444
2011-01-19,NA
2011-01-20,NA
2011-01-21,NA
2011-01-22,NA
2011-01-23,0.520833333333333
2011-01-24,1.08194444444444
2011-01-25,1.04027777777778
2011-01-26,2.21944444444444
2011-01-27,1.26388888888889
2011-01-28,0.602083333333333
2011-01-29,0.558333333333333
2011-01-30,0.731944444444444
2011-01-31,0.977777777777778
2011-02-01,0.840972222222222
2011-02-02,3.16666666666667
2011-02-03,0.975
2011-02-04,1.04305555555556
2011-02-05,1.03055555555556
2011-02-06,NA
2011-02-07,1.77638888888889
2011-02-08,1.15
2011-02-09,2.22708333333333
2011-02-10,1.2125
2011-02-11,1.33125
2011-02-12,1.01041666666667
2011-02-13,1.33333333333333
2011-02-14,1.21944444444444
2011-02-15,1.97638888888889
2011-02-16,0.831944444444444
2011-02-17,0.675
2011-02-18,0.865277777777778
2011-02-19,2.17430555555556
2011-02-20,1.81041666666667
2011-02-21,1.12777777777778
2011-02-22,1.33263888888889
2011-02-23,1.03541666666667
2011-02-24,0.814583333333333
2011-02-25,1.93125
2011-02-26,1.56805555555556
2011-02-27,2.2
2011-02-28,2.22083333333333
2011-03-01,1.36805555555556
2011-03-02,1.37083333333333
2011-03-03,1.58541666666667
2011-03-04,1.07916666666667
2011-03-05,1.34652777777778
2011-03-06,1.6375
2011-03-07,1.54930555555556
2011-03-08,1.23055555555556
2011-03-09,1.55277777777778
2011-03-10,3.46319444444444
2011-03-11,3.03055555555556
2011-03-12,1.31666666666667
2011-03-13,NA
2011-03-14,0.926388888888889
2011-03-15,0.748611111111111
2011-03-16,1.44583333333333
2011-03-17,1.03819444444444
2011-03-18,1.78125
2011-03-19,1.20833333333333
2011-03-20,0.832638888888889
2011-03-21,1.13611111111111
2011-03-22,1.10138888888889
2011-03-23,0.902083333333333
2011-03-24,0.954861111111111
2011-03-25,1.08680555555556
2011-03-26,1.35069444444444
2011-03-27,1.50694444444444
2011-03-28,1.83680555555556
2011-03-29,1.37847222222222
2011-03-30,1.22708333333333
2011-03-31,1.21875
2011-04-01,2.21510791366906
2011-04-02,1.39444444444444
2011-04-03,1.38333333333333
2011-04-04,1.35833333333333
2011-04-05,2.12569444444444
2011-04-06,1.9
2011-04-07,0.886111111111111
2011-04-08,0.903472222222222
2011-04-09,0.913888888888889
2011-04-10,0.898611111111111
2011-04-11,1.24027777777778
2011-04-12,1.57222222222222
2011-04-13,3.28888888888889
2011-04-14,1.76944444444444
2011-04-15,1.48958333333333
2011-04-16,2.18958333333333
2011-04-17,3.28472222222222
2011-04-18,1.95
2011-04-19,0.835416666666667
2011-04-20,2.48819444444444
2011-04-21,2.07569444444444
2011-04-22,1.21319444444444
2011-04-23,1.775
2011-04-24,1.28680555555556
2011-04-25,1.02083333333333
2011-04-26,2.06388888888889
2011-04-27,2.75972222222222
2011-04-28,1.69305555555556
2011-04-29,1.23819444444444
2011-04-30,1.14444444444444
2011-05-01,1.26875
2011-05-02,1.22638888888889
2011-05-03,0.834722222222222
2011-05-04,1.69236111111111
2011-05-05,1.16111111111111
2011-05-06,1.44513888888889
2011-05-07,1.02083333333333
2011-05-08,1.01597222222222
2011-05-09,1.14375
2011-05-10,1.35486111111111
2011-05-11,2.00902777777778
2011-05-12,1.52152777777778
2011-05-13,1.55833333333333
2011-05-14,3.11458333333333
2011-05-15,2.35208333333333
2011-05-16,5.85902777777778
2011-05-17,4.20069444444444
2011-05-18,4.41388888888889
2011-05-19,3.34097222222222
2011-05-20,2.44027777777778
2011-05-21,1.39444444444444
2011-05-22,3.08194444444444
2011-05-23,3.24652777777778
2011-05-24,3.48888888888889
2011-05-25,1.87638888888889
2011-05-26,3.23541666666667
2011-05-27,3.14513888888889
2011-05-28,3.22916666666667
2011-05-29,3.54444444444444
2011-05-30,3.82916666666667
2011-05-31,1.52847222222222
2011-06-01,3.46666666666667
2011-06-02,5.89375
2011-06-03,6.88888888888889
2011-06-04,3.08611111111111
2011-06-05,2.19791666666667
2011-06-06,2.65486111111111
2011-06-07,1.85972222222222
2011-06-08,1.74097222222222
2011-06-09,3.92708333333333
2011-06-10,3.32916666666667
2011-06-11,3.47986111111111
2011-06-12,4.85
2011-06-13,2.25208333333333
2011-06-14,3.34305555555556
2011-06-15,3.19444444444444
2011-06-16,2.82986111111111
2011-06-17,2.54722222222222
2011-06-18,2.99791666666667
2011-06-19,3.45347222222222
2011-06-20,3.27638888888889
2011-06-21,2.05625
2011-06-22,1.9
2011-06-23,4.25972222222222
2011-06-24,5.30833333333333
2011-06-25,3.59236111111111
2011-06-26,2.31944444444444
2011-06-27,2.10138888888889
2011-06-28,1.44236111111111
2011-06-29,3.35416666666667
2011-06-30,4.49722222222222
2011-07-01,3.24513888888889
2011-07-02,1.83472222222222
2011-07-03,2.05625
2011-07-04,2.15069444444444
2011-07-05,2.02222222222222
2011-07-06,2.59861111111111
2011-07-07,3.68055555555556
2011-07-08,2.48888888888889
2011-07-09,4.02222222222222
2011-07-10,3.11319444444444
2011-07-11,2.99513888888889
2011-07-12,3.68402777777778
2011-07-13,3.91736111111111
2011-07-14,4.06319444444444
2011-07-15,3.30625
2011-07-16,1.8625
2011-07-17,2.95625
2011-07-18,3.78819444444444
2011-07-19,3.42083333333333
2011-07-20,2.58402777777778
2011-07-21,4.81597222222222
2011-07-22,3.49930555555556
2011-07-23,3.0875
2011-07-24,3.45972222222222
2011-07-25,2.82777777777778
2011-07-26,3.66041666666667
2011-07-27,4.09305555555556
2011-07-28,2.24652777777778
2011-07-29,2.12430555555556
2011-07-30,3.73055555555556
2011-07-31,3.14097222222222
2011-08-01,2.00486111111111
2011-08-02,3.26180555555556
2011-08-03,2.65972222222222
2011-08-04,1.94027777777778
2011-08-05,2.32430555555556
2011-08-06,2.83472222222222
2011-08-07,2.69375
2011-08-08,2.64583333333333
2011-08-09,2.93263888888889
2011-08-10,3.62013888888889
2011-08-11,3.88055555555556
2011-08-12,3.64236111111111
2011-08-13,2.19791666666667
2011-08-14,2.34930555555556
2011-08-15,4.01875
2011-08-16,3.78541666666667
2011-08-17,2.31875
2011-08-18,2.31111111111111
2011-08-19,2.99166666666667
2011-08-20,2.23194444444444
2011-08-21,1.87430555555556
2011-08-22,4.71111111111111
2011-08-23,3.68888888888889
2011-08-24,3.30138888888889
2011-08-25,5.15833333333333
2011-08-26,2.73263888888889
2011-08-27,1.37708333333333
2011-08-28,6.22013888888889
2011-08-29,6.34027777777778
2011-08-30,2.65625
2011-08-31,2.15208333333333
2011-09-01,2.57222222222222
2011-09-02,3.08263888888889
2011-09-03,3.05277777777778
2011-09-04,1.92638888888889
2011-09-05,3.28472222222222
2011-09-06,3.19305555555556
2011-09-07,3.90416666666667
2011-09-08,2.6625
2011-09-09,2.68055555555556
2011-09-10,3.09722222222222
2011-09-11,2.0875
2011-09-12,3.32638888888889
2011-09-13,2.36944444444444
2011-09-14,4.03194444444444
2011-09-15,2.38055555555556
2011-09-16,4.85486111111111
2011-09-17,3.02083333333333
2011-09-18,2.17430555555556
2011-09-19,2.63194444444444
2011-09-20,3.67569444444444
2011-09-21,2.38402777777778
2011-09-22,1.77152777777778
2011-09-23,1.62430555555556
2011-09-24,2.22083333333333
2011-09-25,2.22638888888889
2011-09-26,1.96944444444444
2011-09-27,1.88888888888889
2011-09-28,4.28819444444444
2011-09-29,4.6875
2011-09-30,4.20625
2011-10-01,2.72291666666667
2011-10-02,4.07777777777778
2011-10-03,3.17430555555556
2011-10-04,2.19652777777778
2011-10-05,5.8
2011-10-06,5.55555555555556
2011-10-07,2.7375
2011-10-08,2.90416666666667
2011-10-09,2.475
2011-10-10,2.95763888888889
2011-10-11,1.83472222222222
2011-10-12,3.53125
2011-10-13,4.56527777777778
2011-10-14,3.41666666666667
2011-10-15,6.30208333333333
2011-10-16,6.39861111111111
2011-10-17,5.00555555555556
2011-10-18,2.97986111111111
2011-10-19,3.73055555555556
2011-10-20,6.3125
2011-10-21,5.12152777777778
2011-10-22,3.39444444444444
2011-10-23,2.97013888888889
2011-10-24,2.06875
2011-10-25,4.51319444444444
2011-10-26,NA
2011-10-27,0.768055555555556
2011-10-28,NA
2011-10-29,1.24027777777778
2011-10-30,NA
2011-10-31,0.906944444444444
2011-11-01,0.811111111111111
2011-11-02,0.769444444444444
2011-11-03,0.825694444444444
2011-11-04,1.10763888888889
2011-11-05,0.965972222222222
2011-11-06,0.864666666666667
2011-11-07,0.935416666666667
2011-11-08,0.851388888888889
2011-11-09,0.765972222222222
2011-11-10,0.918055555555556
2011-11-11,1.85
2011-11-12,1.70138888888889
2011-11-13,0.980555555555556
2011-11-14,1.41458333333333
2011-11-15,1.22013888888889
2011-11-16,0.546527777777778
2011-11-17,0.853472222222222
2011-11-18,1.5125
2011-11-19,1.31944444444444
2011-11-20,1.64861111111111
2011-11-21,1.10625
2011-11-22,0.690972222222222
2011-11-23,NA
2011-11-24,0.843055555555556
2011-11-25,0.772916666666667
2011-11-26,0.784027777777778
2011-11-27,1.75486111111111
2011-11-28,1.04722222222222
2011-11-29,1.25416666666667
2011-11-30,1.80902777777778
2011-12-01,1.21736111111111
2011-12-02,0.755555555555556
2011-12-03,0.775694444444444
2011-12-04,0.91875
2011-12-05,0.943055555555556
2011-12-06,0.931944444444444
2011-12-07,0.86875
2011-12-08,NA
2011-12-09,NA
2011-12-10,0.775694444444444
2011-12-11,0.840277777777778
2011-12-12,0.899305555555556
2011-12-13,0.813194444444444
2011-12-14,0.686111111111111
2011-12-15,1.38611111111111
2011-12-16,1.89375
2011-12-17,0.925
2011-12-18,0.982638888888889
2011-12-19,1.21111111111111
2011-12-20,1.225
2011-12-21,1.23125
2011-12-22,1.51041666666667
2011-12-23,0.986111111111111
2011-12-24,1.14236111111111
2011-12-25,1.47291666666667
2011-12-26,1.21388888888889
2011-12-27,0.931944444444444
2011-12-28,1.75
2011-12-29,2.12430555555556
2011-12-30,1.10416666666667
2011-12-31,3.51666666666667
2012-01-01,0.811764705882353
2012-01-02,1.74652777777778
2012-01-03,1.62777777777778
2012-01-04,1.00902777777778
2012-01-05,1.23541666666667
2012-01-06,NA
2012-01-07,0.709027777777778
2012-01-08,1.48125
2012-01-09,0.707638888888889
2012-01-10,0.985416666666667
2012-01-11,0.913888888888889
2012-01-12,3.82847222222222
2012-01-13,NA
2012-01-14,NA
2012-01-15,1.09097222222222
2012-01-16,0.901388888888889
2012-01-17,1.31805555555556
2012-01-18,2.28125
2012-01-19,1.1375
2012-01-20,1.32777777777778
2012-01-21,0.738194444444444
2012-01-22,1.03819444444444
2012-01-23,1.86944444444444
2012-01-24,3.07430555555556
2012-01-25,1.59513888888889
2012-01-26,0.822222222222222
2012-01-27,NA
2012-01-28,NA
2012-01-29,1.99513888888889
2012-01-30,1.14513888888889
2012-01-31,1.47708333333333
2012-02-01,1.86388888888889
2012-02-02,1.31319444444444
2012-02-03,1.17291666666667
2012-02-04,1.32152777777778
2012-02-05,0.854861111111111
2012-02-06,1.45347222222222
2012-02-07,1.15833333333333
2012-02-08,0.965277777777778
2012-02-09,0.967361111111111
2012-02-10,0.913888888888889
2012-02-11,0.8
2012-02-12,1.61041666666667
2012-02-13,1.39166666666667
2012-02-14,1.05069444444444
2012-02-15,0.738194444444444
2012-02-16,0.522222222222222
2012-02-17,1.21944444444444
2012-02-18,1.49166666666667
2012-02-19,1.06319444444444
2012-02-20,1.17291666666667
2012-02-21,0.784027777777778
2012-02-22,1.14097222222222
2012-02-23,0.891666666666667
2012-02-24,1.08680555555556
2012-02-25,NA
2012-02-26,1.84583333333333
2012-02-27,1.22708333333333
2012-02-28,1.67638888888889
2012-02-29,0.819444444444444
2012-03-01,4.40972222222222
2012-03-02,1.92638888888889
2012-03-03,NA
2012-03-04,1.28333333333333
2012-03-05,1.38958333333333
2012-03-06,0.957638888888889
2012-03-07,1.01944444444444
2012-03-08,1.67291666666667
2012-03-09,1.72986111111111
2012-03-10,NA
2012-03-11,NA
2012-03-12,0.977777777777778
2012-03-13,1.075
2012-03-14,1.175
2012-03-15,1.48819444444444
2012-03-16,NA
2012-03-17,NA
2012-03-18,0.947222222222222
2012-03-19,0.877083333333333
2012-03-20,1.16944444444444
2012-03-21,0.859722222222222
2012-03-22,1.07013888888889
2012-03-23,NA
2012-03-24,NA
2012-03-25,0.864583333333333
2012-03-26,1.34097222222222
2012-03-27,1.8875
2012-03-28,1.18680555555556
2012-03-29,1.10486111111111
2012-03-30,NA
2012-03-31,NA
2012-04-01,0.7875
2012-04-02,1.2375
2012-04-03,1.37083333333333
2012-04-04,1.02916666666667
2012-04-05,1.44513888888889
2012-04-06,NA
2012-04-07,NA
2012-04-08,1.01944444444444
2012-04-09,1.56388888888889
2012-04-10,1.70486111111111
2012-04-11,0.984027777777778
2012-04-12,1.27847222222222
2012-04-13,NA
2012-04-14,NA
2012-04-15,0.9625
2012-04-16,0.99375
2012-04-17,1.41736111111111
2012-04-18,1.50992366412214
2012-04-19,1.61736111111111
2012-04-20,2.675
2012-04-21,4.33055555555556
2012-04-22,3.89930555555556
2012-04-23,5.83888888888889
2012-04-24,5.87638888888889
2012-04-25,4.39305555555556
2012-04-26,2.99305555555556
2012-04-27,NA
2012-04-28,5.37430555555556
2012-04-29,4.97222222222222
2012-04-30,4.20277777777778
2012-05-01,3.16180555555556
2012-05-02,2.99930555555556
2012-05-03,3.04236111111111
2012-05-04,NA
2012-05-05,NA
2012-05-06,2.37222222222222
2012-05-07,1.55277777777778
2012-05-08,3.64166666666667
2012-05-09,1.96458333333333
2012-05-10,2.37291666666667
2012-05-11,4.75833333333333
2012-05-12,3.73472222222222
2012-05-13,2.2125
2012-05-14,1.74861111111111
2012-05-15,1.91666666666667
2012-05-16,1.76875
2012-05-17,3.96597222222222
2012-05-18,NA
2012-05-19,1.77847222222222
2012-05-20,1.2375
2012-05-21,NA
2012-05-22,2.97222222222222
2012-05-23,1.62291666666667
2012-05-24,2.38125
2012-05-25,3.45347222222222
2012-05-26,3.68819444444444
2012-05-27,2.01319444444444
2012-05-28,NA
2012-05-29,4.36180555555556
2012-05-30,3.17708333333333
2012-05-31,3.32361111111111
2012-06-01,3.09375
2012-06-02,6.40486111111111
2012-06-03,4.28125
2012-06-04,NA
2012-06-05,2.79513888888889
2012-06-06,1.84513888888889
2012-06-07,2.12569444444444
2012-06-08,2.71736111111111
2012-06-09,4.01666666666667
2012-06-10,1.79097222222222
2012-06-11,2.85138888888889
2012-06-12,3.97083333333333
2012-06-13,2.75902777777778
2012-06-14,2.49166666666667
2012-06-15,2.25277777777778
2012-06-16,1.7625
2012-06-17,3.60416666666667
2012-06-18,NA
2012-06-19,2.63055555555556
2012-06-20,3.76527777777778
2012-06-21,2.78680555555556
2012-06-22,2.65625
2012-06-23,3.04444444444444
2012-06-24,2.81944444444444
2012-06-25,NA
2012-06-26,3.74513888888889
2012-06-27,5.68541666666667
2012-06-28,4.25833333333333
2012-06-29,2.36041666666667
2012-06-30,4.27847222222222
2012-07-01,3.36527777777778
2012-07-02,NA
2012-07-03,3.09444444444444
2012-07-04,2.10208333333333
2012-07-05,3.65625
2012-07-06,2.54722222222222
2012-07-07,2.44305555555556
2012-07-08,3.36944444444444
2012-07-09,NA
2012-07-10,2.69722222222222
2012-07-11,1.53055555555556
2012-07-12,1.93541666666667
2012-07-13,2.56805555555556
2012-07-14,2.75208333333333
2012-07-15,1.79236111111111
2012-07-16,NA
2012-07-17,3.19861111111111
2012-07-18,3.44722222222222
2012-07-19,3.13263888888889
2012-07-20,2.67916666666667
2012-07-21,1.76180555555556
2012-07-22,3.68472222222222
2012-07-23,NA
2012-07-24,4.85486111111111
2012-07-25,4.93958333333333
2012-07-26,2.05555555555556
2012-07-27,2.19097222222222
2012-07-28,2.06041666666667
2012-07-29,2.11388888888889
2012-07-30,NA
2012-07-31,3.09166666666667
2012-08-01,2.53888888888889
2012-08-02,2.08958333333333
2012-08-03,2.62013888888889
2012-08-04,2.16319444444444
2012-08-05,3.89791666666667
2012-08-06,NA
2012-08-07,2.32222222222222
2012-08-08,2.19236111111111
2012-08-09,1.74861111111111
2012-08-10,2.57847222222222
2012-08-11,2.77916666666667
2012-08-12,2.08611111111111
2012-08-13,NA
2012-08-14,2.43819444444444
2012-08-15,2.36736111111111
2012-08-16,2.69930555555556
2012-08-17,2.86458333333333
2012-08-18,3.32638888888889
2012-08-19,2.56736111111111
2012-08-20,NA
2012-08-21,3.03402777777778
2012-08-22,2.46180555555556
2012-08-23,2.44513888888889
2012-08-24,1.85555555555556
2012-08-25,2.39513888888889
2012-08-26,2.20347222222222
2012-08-27,NA
2012-08-28,4.11736111111111
2012-08-29,4.46597222222222
2012-08-30,3.88125
2012-08-31,4.90277777777778
2012-09-01,3.36805555555556
2012-09-02,2.83333333333333
2012-09-03,NA
2012-09-04,3.1
2012-09-05,3.30277777777778
2012-09-06,1.89236111111111
2012-09-07,2.0125
2012-09-08,3.71388888888889
2012-09-09,3.77777777777778
2012-09-10,3.86736111111111
2012-09-11,3.81527777777778
2012-09-12,2.14305555555556
2012-09-13,2.27638888888889
2012-09-14,2.39583333333333
2012-09-15,4.58680555555556
2012-09-16,3.55
2012-09-17,NA
2012-09-18,3.37916666666667
2012-09-19,6.74791666666667
2012-09-20,2.6375
2012-09-21,3.35347222222222
2012-09-22,3.38958333333333
2012-09-23,4.32152777777778
2012-09-24,NA
2012-09-25,3.53402777777778
2012-09-26,3.48263888888889
2012-09-27,3.80069444444444
2012-09-28,2.42916666666667
2012-09-29,3.77986111111111
2012-09-30,2.44722222222222
2012-10-01,NA
2012-10-02,2.33680555555556
2012-10-03,2.325
2012-10-04,2.25277777777778
2012-10-05,2.12291666666667
2012-10-06,3.20138888888889
2012-10-07,3.54236111111111
2012-10-08,NA
2012-10-09,2.88888888888889
2012-10-10,3.60625
2012-10-11,5.34305555555556
2012-10-12,5.00486111111111
2012-10-13,4.33819444444444
2012-10-14,3.28472222222222
2012-10-15,NA
2012-10-16,4.55763888888889
2012-10-17,3.46527777777778
2012-10-18,1.46978417266187
2012-10-19,1.72847222222222
2012-10-20,1.52291666666667
2012-10-21,1.17569444444444
2012-10-22,NA
2012-10-23,0.871527777777778
2012-10-24,0.748611111111111
2012-10-25,0.870833333333333
2012-10-26,0.814583333333333
2012-10-27,0.5625
2012-10-28,1.99305555555556
2012-10-29,NA
2012-10-30,3.80902777777778
2012-10-31,1.50625
2012-11-01,0.884027777777778
2012-11-02,0.91875
2012-11-03,1.14513888888889
2012-11-04,1.28666666666667
2012-11-05,1.12430555555556
2012-11-06,1.03680555555556
2012-11-07,2.60208333333333
2012-11-08,1.48541666666667
2012-11-09,1.57638888888889
2012-11-10,1.04722222222222
2012-11-11,1.19722222222222
2012-11-12,NA
2012-11-13,1.58888888888889
2012-11-14,1.04930555555556
2012-11-15,0.708333333333333
2012-11-16,0.746527777777778
2012-11-17,0.895138888888889
2012-11-18,0.9
2012-11-19,NA
2012-11-20,0.806944444444444
2012-11-21,0.84375
2012-11-22,0.604861111111111
2012-11-23,0.704166666666667
2012-11-24,1.35277777777778
2012-11-25,1.67152777777778
2012-11-26,NA
2012-11-27,0.546527777777778
2012-11-28,0.71875
2012-11-29,1.22361111111111
2012-11-30,1.40555555555556
2012-12-01,1.29444444444444
2012-12-02,2.75416666666667
2012-12-03,NA
2012-12-04,1.10138888888889
2012-12-05,1.67222222222222
2012-12-06,1.49375
2012-12-07,0.780555555555556
2012-12-08,1.13888888888889
2012-12-09,1.07986111111111
2012-12-10,NA
2012-12-11,1.40416666666667
2012-12-12,0.839583333333333
2012-12-13,0.639583333333333
2012-12-14,0.980555555555556
2012-12-15,1.08125
2012-12-16,1.96041666666667
2012-12-17,NA
2012-12-18,NA
2012-12-19,0.469767441860465
2013-01-01,1.70294117647059
2013-01-02,1.19444444444444
2013-01-03,0.970138888888889
2013-01-04,1.31666666666667
2013-01-05,1.68194444444444
2013-01-06,0.729166666666667
2013-01-07,0.936805555555556
2013-01-08,0.972916666666667
2013-01-09,0.686111111111111
2013-01-10,1.75069444444444
2013-01-11,0.9125
2013-01-12,NA
2013-01-13,0.695833333333333
2013-01-14,1.41388888888889
2013-01-15,0.635416666666667
2013-01-16,4.02847222222222
2013-01-17,11.6277777777778
2013-01-18,1.35486111111111
2013-01-19,NA
2013-01-20,1.84722222222222
2013-01-21,1.78194444444444
2013-01-22,1.38055555555556
2013-01-23,1.49930555555556
2013-01-24,1.30694444444444
2013-01-25,1.45625
2013-01-26,NA
2013-01-27,NA
2013-01-28,0.955555555555556
2013-01-29,1.44722222222222
2013-01-30,3.50347222222222
2013-01-31,2.11736111111111
2013-02-01,2.44027777777778
2013-02-02,NA
2013-02-03,NA
2013-02-04,1.5125
2013-02-05,1.30416666666667
2013-02-06,1.31319444444444
2013-02-07,1.11736111111111
2013-02-08,3.30972222222222
2013-02-09,NA
2013-02-10,NA
2013-02-11,1.41736111111111
2013-02-12,3.10625
2013-02-13,1.11319444444444
2013-02-14,0.660416666666667
2013-02-15,1.00555555555556
2013-02-16,0.834027777777778
2013-02-17,1.79097222222222
2013-02-18,2.37986111111111
2013-02-19,1.35555555555556
2013-02-20,1.95069444444444
2013-02-21,2.03055555555556
2013-02-22,1.11111111111111
2013-02-23,NA
2013-02-24,2.42361111111111
2013-02-25,0.511111111111111
2013-02-26,0.711111111111111
2013-02-27,4.26944444444444
2013-02-28,2.85208333333333
2013-03-01,0.745833333333333
2013-03-02,NA
2013-03-03,0.945833333333333
2013-03-04,1.29930555555556
2013-03-05,1.10416666666667
2013-03-06,3.52361111111111
2013-03-07,4.40486111111111
2013-03-08,1.34930555555556
2013-03-09,NA
2013-03-10,1.15144927536232
2013-03-11,NA
2013-03-12,1.42708333333333
2013-03-13,1.20277777777778
2013-03-14,1.22638888888889
2013-03-15,1.5
2013-03-16,NA
2013-03-17,NA
2013-03-18,1.00625
2013-03-19,2.8
2013-03-20,1.97430555555556
2013-03-21,1.29652777777778
2013-03-22,0.860416666666667
2013-03-23,NA
2013-03-24,NA
2013-03-25,1.53125
2013-03-26,1.5375
2013-03-27,1.01319444444444
2013-03-28,0.934027777777778
2013-03-29,0.929166666666667
2013-03-30,NA
2013-03-31,NA
2013-04-01,1.19166666666667
2013-04-02,2.16319444444444
2013-04-03,2.62152777777778
2013-04-04,1.76597222222222
2013-04-05,1.30555555555556
2013-04-06,1.79513888888889
2013-04-07,1.22708333333333
2013-04-08,1.26736111111111
2013-04-09,1.78541666666667
2013-04-10,0.753472222222222
2013-04-11,0.7375
2013-04-12,2.36805555555556
2013-04-13,NA
2013-04-14,NA
2013-04-15,1.02361111111111
2013-04-16,1.45347222222222
2013-04-17,1.45625
2013-04-18,1.30486111111111
2013-04-19,1.65972222222222
2013-04-20,NA
2013-04-21,NA
2013-04-22,1.48888888888889
2013-04-23,2.68055555555556
2013-04-24,1.54930555555556
2013-04-25,1.56458333333333
2013-04-26,1.05902777777778
2013-04-27,NA
2013-04-28,NA
2013-04-29,1.00763888888889
2013-04-30,0.91875
2013-05-01,0.917361111111111
2013-05-02,0.84375
2013-05-03,1.49513888888889
2013-05-04,NA
2013-05-05,NA
2013-05-06,1.02638888888889
2013-05-07,0.989583333333333
2013-05-08,0.935416666666667
2013-05-09,1.40833333333333
2013-05-10,0.764583333333333
2013-05-11,0.8875
2013-05-12,1.01388888888889
2013-05-13,1.98541666666667
2013-05-14,0.961805555555556
2013-05-15,1.83740458015267
2013-05-16,4.46180555555556
2013-05-17,5.24236111111111
2013-05-18,NA
2013-05-19,NA
2013-05-20,3.32152777777778
2013-05-21,2.35208333333333
2013-05-22,4.06458333333333
2013-05-23,3.71736111111111
2013-05-24,3.54097222222222
2013-05-25,NA
2013-05-26,NA
2013-05-27,4.86805555555556
2013-05-28,1.95972222222222
2013-05-29,2.61597222222222
2013-05-30,2.71180555555556
2013-05-31,2.26944444444444
2013-06-01,NA
2013-06-02,NA
2013-06-03,2.67152777777778
2013-06-04,5.31944444444444
2013-06-05,3.36041666666667
2013-06-06,2.53958333333333
2013-06-07,4.31875
2013-06-08,NA
2013-06-09,NA
2013-06-10,2.20347222222222
2013-06-11,4.81180555555556
2013-06-12,3.73194444444444
2013-06-13,2.91666666666667
2013-06-14,2.58055555555556
2013-06-15,NA
2013-06-16,NA
2013-06-17,2.89861111111111
2013-06-18,1.58611111111111
2013-06-19,2.87013888888889
2013-06-20,2.12916666666667
2013-06-21,2.1375
2013-06-22,NA
2013-06-23,NA
2013-06-24,3.54375
2013-06-25,3.48333333333333
2013-06-26,2.27569444444444
2013-06-27,2.55902777777778
2013-06-28,4.45625
2013-06-29,NA
2013-06-30,NA
2013-07-01,1.73819444444444
2013-07-02,3.06180555555556
2013-07-03,3.17083333333333
2013-07-04,2.81388888888889
2013-07-05,3.04722222222222
2013-07-06,NA
2013-07-07,NA
2013-07-08,2.20555555555556
2013-07-09,3.25416666666667
2013-07-10,4.29583333333333
2013-07-11,3.125
2013-07-12,2.55069444444444
2013-07-13,NA
2013-07-14,NA
2013-07-15,2.45347222222222
2013-07-16,3.22569444444444
2013-07-17,2.64027777777778
2013-07-18,3.13472222222222
2013-07-19,3.87361111111111
2013-07-20,4.97361111111111
2013-07-21,2.94236111111111
2013-07-22,2.51666666666667
2013-07-23,3.32916666666667
2013-07-24,2.97361111111111
2013-07-25,3.30555555555556
2013-07-26,2.47361111111111
2013-07-27,NA
2013-07-28,NA
2013-07-29,2.94722222222222
2013-07-30,3.6375
2013-07-31,2.33680555555556
2013-08-01,2.3625
2013-08-02,3.55347222222222
2013-08-03,NA
2013-08-04,NA
2013-08-05,4.72569444444444
2013-08-06,2.59236111111111
2013-08-07,2.36736111111111
2013-08-08,3.64305555555556
2013-08-09,2.85486111111111
2013-08-10,NA
2013-08-11,NA
2013-08-12,2.39097222222222
2013-08-13,1.89444444444444
2013-08-14,4.56458333333333
2013-08-15,4.79791666666667
2013-08-16,3.01597222222222
2013-08-17,2.31597222222222
2013-08-18,2.17013888888889
2013-08-19,3.1875
2013-08-20,2.42361111111111
2013-08-21,2.48958333333333
2013-08-22,3.13055555555556
2013-08-23,3.91805555555556
2013-08-24,NA
2013-08-25,NA
2013-08-26,3.68402777777778
2013-08-27,NA
2013-08-28,1.2875
2013-08-29,3.38541666666667
2013-08-30,2.63888888888889
2013-08-31,NA
2013-09-01,NA
2013-09-02,2.27847222222222
2013-09-03,2.37569444444444
2013-09-04,4.38333333333333
2013-09-05,3.95347222222222
2013-09-06,3.09652777777778
2013-09-07,NA
2013-09-08,NA
2013-09-09,NA
2013-09-10,3.01666666666667
2013-09-11,2.45416666666667
2013-09-12,2.96180555555556
2013-09-13,2.8
2013-09-14,NA
2013-09-15,NA
2013-09-16,3.71736111111111
2013-09-17,3.69930555555556
2013-09-18,2.55555555555556
2013-09-19,2.54583333333333
2013-09-20,1.75416666666667
2013-09-21,3.49861111111111
2013-09-22,5.18611111111111
2013-09-23,5.66319444444444
2013-09-24,5.6875
2013-09-25,NA
2013-09-26,2.69236111111111
2013-09-27,2.16736111111111
2013-09-28,NA
2013-09-29,NA
2013-09-30,1.81597222222222
2013-10-01,2.91944444444444
2013-10-02,2.94513888888889
2013-10-03,3.09652777777778
2013-10-04,1.57569444444444
2013-10-05,NA
2013-10-06,NA
2013-10-07,3.60625
2013-10-08,4.60972222222222
2013-10-09,2.07291666666667
2013-10-10,1.55416666666667
2013-10-11,1.60208333333333
2013-10-12,2.19305555555556
2013-10-13,2.84444444444444
2013-10-14,2.19375
2013-10-15,2.02361111111111
2013-10-16,2.54782608695652
2013-10-17,1.14583333333333
2013-10-18,1.52222222222222
2013-10-19,NA
2013-10-20,NA
2013-10-21,1.03958333333333
2013-10-22,0.86875
2013-10-23,1.04385964912281
2014-01-01,NA
2014-01-02,NA
2014-01-03,NA
2014-01-04,NA
2014-01-05,NA
2014-01-06,3.92708333333333
2014-01-07,2.80763888888889
2014-01-08,2.05208333333333
2014-01-09,NA
2014-01-10,NA
2014-01-11,2.4625
2014-01-12,1.85
2014-01-13,1.23333333333333
2014-01-14,0.974305555555556
2014-01-15,0.804861111111111
2014-01-16,0.603472222222222
2014-01-17,0.7
2014-01-18,1.02638888888889
2014-01-19,1.28402777777778
2014-01-20,1.39166666666667
2014-01-21,1.29375
2014-01-22,1.46180555555556
2014-01-23,NA
2014-01-24,NA
2014-01-25,1.61805555555556
2014-01-26,2.17222222222222
2014-01-27,1.77986111111111
2014-01-28,2.07083333333333
2014-01-29,1.39652777777778
2014-01-30,NA
2014-01-31,NA
2014-02-01,0.854861111111111
2014-02-02,1.04444444444444
2014-02-03,1.11944444444444
2014-02-04,0.974305555555556
2014-02-05,1.81736111111111
2014-02-06,1.15694444444444
2014-02-07,1.05763888888889
2014-02-08,1.97569444444444
2014-02-09,0.86875
2014-02-10,1.04375
2014-02-11,1.30902777777778
2014-02-12,1.18402777777778
2014-02-13,NA
2014-02-14,NA
2014-02-15,1.21597222222222
2014-02-16,1.10763888888889
2014-02-17,1.47291666666667
2014-02-18,1.54861111111111
2014-02-19,NA
2014-02-20,0.992361111111111
2014-02-21,2.14166666666667
2014-02-22,1.37152777777778
2014-02-23,1.42708333333333
2014-02-24,1.57847222222222
2014-02-25,1.8
2014-02-26,1.5625
2014-02-27,NA
2014-02-28,1.81458333333333
2014-03-01,1.20208333333333
2014-03-02,1.09861111111111
2014-03-03,1.12083333333333
2014-03-04,1.12430555555556
2014-03-05,0.975
2014-03-06,1.27291666666667
2014-03-07,1.03263888888889
2014-03-08,0.89375
2014-03-09,1.13623188405797
2014-03-10,NA
2014-03-11,NA
2014-03-12,1.15902777777778
2014-03-13,2.2875
2014-03-14,1.47361111111111
2014-03-15,1.69236111111111
2014-03-16,1.89375
2014-03-17,1.34236111111111
2014-03-18,NA
2014-03-19,1.08402777777778
2014-03-20,2.38194444444444
2014-03-21,2.27430555555556
2014-03-22,1.29236111111111
2014-03-23,1.62916666666667
2014-03-24,1.45972222222222
2014-03-25,NA
2014-03-26,NA
2014-03-27,1.72847222222222
2014-03-28,1.06597222222222
2014-03-29,1.35763888888889
2014-03-30,3.70069444444444
2014-03-31,1.48680555555556
2014-04-01,NA
2014-04-02,NA
2014-04-03,1.03472222222222
2014-04-04,1.23611111111111
2014-04-05,1.77361111111111
2014-04-06,1.94513888888889
2014-04-07,NA
2014-04-08,NA
2014-04-09,NA
2014-04-10,NA
2014-04-11,NA
2014-04-12,NA
2014-04-13,NA
2014-04-14,NA
2014-04-15,NA
2014-04-16,NA
2014-04-17,NA
2014-06-09,4.85
2014-06-10,NA
2014-06-11,NA
2014-06-12,3.16458333333333
2014-06-13,4.47569444444444
2014-06-14,2.82847222222222
2014-06-15,5.11180555555556
2014-06-16,2.5375
2014-06-17,NA
2014-06-18,4.66111111111111
2014-06-19,3.9625
2014-06-20,4.37638888888889
2014-06-21,3.61875
2014-06-22,2.52986111111111
2014-06-23,1.81736111111111
2014-06-24,3.67638888888889
2014-06-25,4.09097222222222
2014-06-26,3.04027777777778
2014-06-27,1.97986111111111
2014-06-28,1.7125
2014-06-29,2.16319444444444
2014-06-30,3.19027777777778
2014-07-01,3.56736111111111
2014-07-02,4.18263888888889
2014-07-03,2.04513888888889
2014-07-04,2.76597222222222
2014-07-05,7.20069444444444
2014-07-06,5.48819444444444
2014-07-07,3.47013888888889
2014-07-08,NA
2014-07-09,NA
2014-07-10,3.12916666666667
2014-07-11,1.69166666666667
2014-07-12,1.58125
2014-07-13,4.46180555555556
2014-07-14,3.70277777777778
2014-07-15,3.13611111111111
2014-07-16,NA
2014-07-17,2.95763888888889
2014-07-18,2.87986111111111
2014-07-19,1.88194444444444
2014-07-20,2.29236111111111
2014-07-21,1.85069444444444
2014-07-22,NA
2014-07-23,NA
2014-07-24,3.98194444444444
2014-07-25,3.33194444444444
2014-07-26,3.57083333333333
2014-07-27,2.89305555555556
2014-07-28,NA
2014-07-29,NA
2014-07-30,NA
2014-07-31,2.18888888888889
2014-08-01,1.79930555555556
2014-08-02,2.45208333333333
2014-08-03,2.23055555555556
2014-08-04,2.27916666666667
2014-08-05,NA
2014-08-06,NA
2014-08-07,3.52847222222222
2014-08-08,3.47708333333333
2014-08-09,3.16388888888889
2014-08-10,2.21319444444444
2014-08-11,1.85416666666667
2014-08-12,NA
2014-08-13,NA
2014-08-14,5.17569444444444
2014-08-15,3.00694444444444
2014-08-16,3.94861111111111
2014-08-17,3.36805555555556
2014-08-18,4.28819444444444
2014-08-19,NA
2014-08-20,NA
2014-08-21,2.53194444444444
2014-08-22,3.24444444444444
2014-08-23,2.54375
2014-08-24,2.04097222222222
2014-08-25,2.16388888888889
2014-08-26,1.7875
2014-08-27,3.18402777777778
2014-08-28,3.89930555555556
2014-08-29,2.82361111111111
2014-08-30,3.83125
2014-08-31,3.58611111111111
2014-09-01,2.27222222222222
2014-09-02,1.78611111111111
2014-09-03,3.66458333333333
2014-09-04,2.06180555555556
2014-09-05,3.21736111111111
2014-09-06,4.60833333333333
2014-09-07,3.66111111111111
2014-09-08,2.29583333333333
2014-09-09,3.14791666666667
2014-09-10,2.72152777777778
2014-09-11,4.49513888888889
2014-09-12,5.17430555555556
2014-09-13,3.27430555555556
2014-09-14,5.71041666666667
2014-09-15,2.36041666666667
2014-09-16,1.91805555555556
2014-09-17,2.05763888888889
2014-09-18,2.85902777777778
2014-09-19,3.19027777777778
2014-09-20,4.36041666666667
2014-09-21,4.24513888888889
2014-09-22,4.92986111111111
2014-09-23,4.24652777777778
2014-09-24,2.20208333333333
2014-09-25,1.95486111111111
2014-09-26,2.7125
2014-09-27,2.45486111111111
2014-09-28,2.19236111111111
2014-09-29,2.15208333333333
2014-09-30,3.60416666666667
2014-10-01,2.81180555555556
2014-10-02,2.675
2014-10-03,2.53611111111111
2014-10-04,4.18541666666667
2014-10-05,4.68888888888889
2014-10-06,2.86388888888889
2014-10-07,4.77222222222222
2014-10-08,5.27291666666667
2014-10-09,5.75486111111111
2014-10-10,4.12569444444444
2014-10-11,1.72569444444444
2014-10-12,2.6375
2014-10-13,2.14791666666667
2014-10-14,2.37810218978102
2014-10-15,0.988888888888889
2014-10-16,1.22777777777778
2014-10-17,1.09930555555556
2014-10-18,0.811805555555556
2014-10-19,1.18194444444444
2014-10-20,1.1875
2014-10-21,1.38611111111111
2014-10-22,3.18541666666667
2014-10-23,3.00347222222222
2014-10-24,1.80277777777778
2014-10-25,1.02152777777778
2014-10-26,1.02013888888889
2014-10-27,1.14791666666667
2014-10-28,NA
2014-10-29,1.60555555555556
2014-10-30,0.827777777777778
2014-10-31,0.711805555555556
2014-11-01,0.888888888888889
2014-11-02,1.698
2014-11-03,1.68333333333333
2014-11-04,NA
2014-11-05,1.16597222222222
2014-11-06,0.947916666666667
2014-11-07,1.45694444444444
2014-11-08,1.36527777777778
2014-11-09,1.03472222222222
2014-11-10,0.622222222222222
2014-11-11,NA
2014-11-12,0.789583333333333
2014-11-13,0.803472222222222
2014-11-14,0.6875
2014-11-15,0.924305555555556
2014-11-16,0.888888888888889
2014-11-17,1.48472222222222
2014-11-18,NA
2014-11-19,2.15833333333333
2014-11-20,1.33472222222222
2014-11-21,1.64027777777778
2014-11-22,1.19652777777778
2014-11-23,1.34236111111111
2014-11-24,1.53888888888889
2014-11-25,NA
2014-11-26,NA
2014-11-27,NA
2014-11-28,NA
2014-11-29,NA
2014-11-30,NA
2014-12-01,1.16666666666667
2014-12-02,NA
2014-12-03,3.68402777777778
2014-12-04,1.43819444444444
2014-12-05,1.07569444444444
2014-12-06,2.95
2014-12-07,1.34444444444444
2014-12-08,1.37986111111111
2014-12-09,NA
2014-12-10,1.37083333333333
2014-12-11,NA
2014-12-12,NA
2014-12-13,2.47708333333333
2014-12-14,0.633333333333333
2014-12-15,1.27847222222222
2014-12-16,1.57222222222222
2014-12-17,1.50555555555556
2014-12-18,1.92847222222222
2014-12-19,1.22361111111111
2014-12-20,0.775
2014-12-21,0.996527777777778
2014-12-22,0.951388888888889
2014-12-23,NA
2014-12-24,NA
2014-12-25,2.09236111111111
2014-12-26,1.75694444444444
2014-12-27,0.784027777777778
2014-12-28,1.19305555555556
2014-12-29,1.31805555555556
2014-12-30,0.939583333333333
2014-12-31,1.12152777777778
2015-01-01,1.59861111111111
2015-01-02,1.52222222222222
2015-01-03,1.28958333333333
2015-01-04,NA
2015-01-05,2.13472222222222
2015-01-06,1.70486111111111
2015-01-07,1.21527777777778
2015-01-08,1.68680555555556
2015-01-09,1.94444444444444
2015-01-10,1.95902777777778
2015-01-11,1.19027777777778
2015-01-12,0.677777777777778
2015-01-13,NA
2015-01-14,NA
2015-01-15,0.690972222222222
2015-01-16,1.21875
2015-01-17,1.18611111111111
2015-01-18,1.96805555555556
2015-01-19,1.70208333333333
2015-01-20,2.08402777777778
2015-01-21,1.09513888888889
2015-01-22,0.636805555555556
2015-01-23,1.02013888888889
2015-01-24,0.829861111111111
2015-01-25,1.29722222222222
2015-01-26,1.27291666666667
2015-01-27,NA
2015-01-28,NA
2015-01-29,1.08611111111111
2015-01-30,1.66736111111111
2015-01-31,1.70902777777778
2015-02-01,1.49375
2015-02-02,2.35763888888889
2015-02-03,1.29930555555556
2015-02-04,NA
2015-02-05,1.16041666666667
2015-02-06,1.21597222222222
2015-02-07,0.970833333333333
2015-02-08,1.84513888888889
2015-02-09,4.04305555555556
2015-02-10,NA
2015-02-11,NA
2015-02-12,1.09375
2015-02-13,1.38125
2015-02-14,1.44791666666667
2015-02-15,NA
2015-02-16,1.70347222222222
2015-02-17,0.829861111111111
2015-02-18,0.657638888888889
2015-02-19,NA
2015-02-20,2.22430555555556
2015-02-21,1.15555555555556
2015-02-22,3.28333333333333
2015-02-23,1.54375
2015-02-24,NA
2015-02-25,NA
2015-02-26,1.34027777777778
2015-02-27,0.919444444444444
2015-02-28,0.986111111111111
2015-03-01,0.993055555555556
2015-03-02,1.16666666666667
2015-03-03,1.27777777777778
2015-03-04,1.60555555555556
2015-03-05,1.56597222222222
2015-03-06,1.04930555555556
2015-03-07,1.20138888888889
2015-03-08,1.02101449275362
2015-03-09,NA
2015-03-10,1.01041666666667
2015-03-11,1.34027777777778
2015-03-12,1.88472222222222
2015-03-13,1.04375
2015-03-14,1.30069444444444
2015-03-15,9.55972222222222
2015-03-16,1.19097222222222
2015-03-17,0.9375
2015-03-18,2.18055555555556
2015-03-19,1.76944444444444
2015-03-20,NA
2015-03-21,0.800694444444444
2015-03-22,1.70625
2015-03-23,1.69305555555556
2015-03-24,1.01041666666667
2015-03-25,0.828472222222222
2015-03-26,1.07083333333333
2015-03-27,NA
2015-03-28,1.01805555555556
2015-03-29,1.01736111111111
2015-03-30,0.954861111111111
2015-03-31,1.44305555555556
2015-04-01,1.02777777777778
2015-04-02,0.875
2015-04-03,1.25208333333333
2015-04-04,NA
2015-04-05,1.86666666666667
2015-04-06,1.23055555555556
2015-04-07,1.68819444444444
2015-04-08,1.30763888888889
2015-04-09,3.65694444444444
2015-04-10,3.21041666666667
2015-04-11,NA
2015-04-12,1.37986111111111
2015-04-13,1.0875
2015-04-14,1.56319444444444
2015-04-15,1.06597222222222
2015-04-16,0.910416666666667
2015-04-17,1.24166666666667
2015-04-18,NA
2015-04-19,1.35416666666667
2015-04-20,1.99791666666667
2015-04-21,2.52916666666667
2015-04-22,0.731818181818182
2015-06-01,NA
2015-06-02,NA
2015-06-03,NA
2015-06-04,NA
2015-06-05,NA
2015-06-06,NA
2015-06-07,NA
2015-06-08,NA
2015-06-09,NA
2015-06-10,NA
2015-06-11,NA
2015-06-12,NA
2015-06-13,NA
2015-06-14,NA
2015-06-15,NA
2015-06-16,NA
2015-06-17,NA
2015-06-18,NA
2015-06-19,NA
2015-06-20,NA
2015-06-21,NA
2015-06-22,NA
2015-06-23,NA
2015-06-24,NA
2015-06-25,NA
2015-06-26,NA
2015-06-27,NA
2015-06-28,NA
2015-06-29,NA
2015-06-30,NA
2015-07-01,NA
2015-07-02,NA
2015-07-03,NA
2015-07-04,NA
2015-07-05,NA
2015-07-06,NA
2015-07-07,NA
2015-07-08,NA
2015-07-09,NA
2015-07-10,NA
2015-07-11,NA
2015-07-12,NA
2015-07-13,NA
2015-07-14,NA
2015-07-15,NA
2015-07-16,NA
2015-07-17,NA
2015-07-18,NA
2015-07-19,NA
2015-07-20,NA
2015-07-21,NA
2015-07-22,NA
2015-07-23,NA
2015-07-24,NA
2015-07-25,NA
2015-07-26,NA
2015-07-27,NA
2015-07-28,NA
2015-07-29,NA
2015-07-30,NA
2015-07-31,NA
2015-08-01,NA
2015-08-02,NA
2015-08-03,NA
2015-08-04,NA
2015-08-05,NA
2015-08-06,NA
2015-08-07,NA
2015-08-08,NA
2015-08-09,NA
2015-08-10,NA
2015-08-11,NA
2015-08-12,NA
2015-08-13,NA
2015-08-14,NA
2015-08-15,NA
2015-08-16,NA
2015-08-17,NA
2015-08-18,NA
2015-08-19,NA
2015-08-20,NA
2015-08-21,NA
2015-08-22,NA
2015-08-23,NA
2015-08-24,NA
2015-08-25,NA
2015-08-26,NA
2015-08-27,NA
2015-08-28,NA
2015-08-29,NA
2015-08-30,NA
2015-08-31,NA
2015-09-01,NA
2015-09-02,NA
2015-09-03,NA
2015-09-04,NA
2015-09-05,NA
2015-09-06,NA
2015-09-07,NA
2015-09-08,NA
2015-09-09,NA
2015-09-10,NA
2015-09-11,NA
2015-09-12,NA
2015-09-13,NA
2015-09-14,NA
2015-09-15,NA
2015-09-16,NA
2015-09-17,NA
2015-09-18,NA
2015-09-19,NA
2015-09-20,NA
2015-09-21,NA
2015-09-22,NA
2015-09-23,NA
2015-09-24,NA
2015-09-25,NA
2015-09-26,NA
2015-09-27,NA
2015-09-28,NA
2015-09-29,NA
2015-09-30,NA
2015-10-01,NA
2015-10-02,NA
2015-10-03,NA
2015-10-04,NA
2015-10-05,NA
2015-10-06,NA
2015-10-07,NA
2015-10-08,NA
2015-10-09,NA
2015-10-10,NA
2015-10-11,NA
2015-10-12,NA
2015-10-13,NA
2015-10-14,NA
2015-10-15,NA
2015-10-16,NA
2015-10-17,NA
2015-10-18,NA
2015-10-19,NA
2015-10-20,NA
2015-10-21,NA
2015-10-22,NA
2015-10-23,NA
2015-10-24,NA
2015-10-25,NA
2015-10-26,NA
2015-10-27,NA
2015-10-28,NA
2015-10-29,NA
2015-10-30,NA
2015-10-31,NA
2015-11-01,NA
2015-11-02,NA
2015-11-03,NA
2015-11-04,NA
2015-11-05,NA
2015-11-06,NA
2015-11-07,NA
2015-11-08,NA
2015-11-09,NA
2015-11-10,NA
2015-11-11,NA
2015-11-12,NA
2015-11-13,NA
2015-11-14,NA
2015-11-15,NA
2015-11-16,NA
2015-11-17,NA
2015-11-18,NA
2015-11-19,NA
2015-11-20,NA
2015-11-21,NA
2015-11-22,NA
2015-11-23,NA
2015-11-24,NA
2015-11-25,NA
2015-11-26,NA
2015-11-27,NA
2015-11-28,NA
2015-11-29,NA
2015-11-30,NA
2015-12-01,NA
2015-12-02,NA
2015-12-03,NA
2015-12-04,NA
2015-12-05,NA
2015-12-06,NA
2015-12-07,NA
2015-12-08,NA
2015-12-09,NA
2015-12-10,NA
2015-12-11,NA
2015-12-12,NA
2015-12-13,NA
2015-12-14,NA
2015-12-15,NA
2015-12-16,NA
2015-12-17,NA
2015-12-18,NA
2015-12-19,NA
2015-12-20,NA
2015-12-21,NA
2015-12-22,NA
2015-12-23,NA
2015-12-24,NA
2015-12-25,NA
2015-12-26,NA
2015-12-27,NA
2015-12-28,NA
2015-12-29,NA
2015-12-30,NA
2015-12-31,NA
2016-01-01,NA
2016-01-02,NA
2016-01-03,NA
2016-01-04,NA
2016-01-05,NA
2016-01-06,NA
2016-01-07,NA
2016-01-08,NA
2016-01-09,NA
2016-01-10,NA
2016-01-11,NA
2016-01-12,NA
2016-01-13,NA
2016-01-14,NA
2016-01-15,NA
2016-01-16,NA
2016-01-17,NA
2016-01-18,NA
2016-01-19,NA
2016-01-20,NA
2016-01-21,NA
2016-01-22,NA
2016-01-23,NA
2016-01-24,NA
2016-01-25,NA
2016-01-26,NA
2016-01-27,NA
2016-01-28,NA
2016-01-29,NA
2016-01-30,NA
2016-01-31,NA
2016-02-01,NA
2016-02-02,NA
2016-02-03,NA
2016-02-04,NA
2016-02-05,NA
2016-02-06,NA
2016-02-07,NA
2016-02-08,NA
2016-02-09,NA
2016-02-10,NA
2016-02-11,NA
2016-02-12,NA
2016-02-13,NA
2016-02-14,NA
2016-02-15,NA
2016-02-16,NA
2016-02-17,NA
2016-02-18,NA
2016-02-19,NA
2016-02-20,NA
2016-02-21,NA
2016-02-22,NA
2016-02-23,NA
2016-02-24,NA
2016-02-25,NA
2016-02-26,NA
2016-02-27,NA
2016-02-28,NA
2016-02-29,NA
2016-03-01,NA
2016-03-02,NA
2016-03-03,NA
2016-03-04,NA
2016-03-05,NA
2016-03-06,NA
2016-03-07,NA
2016-03-08,NA
2016-03-09,NA
2016-03-10,NA
2016-03-11,NA
2016-03-12,NA
2016-03-13,NA
2016-03-14,NA
2016-03-15,NA
2016-03-16,NA
2016-03-17,NA
2016-03-18,NA
2016-03-19,NA
2016-03-20,NA
2016-03-21,NA
2016-03-22,NA
2016-03-23,NA
2016-03-24,NA
2016-03-25,NA
2016-03-26,NA
2016-03-27,NA
2016-03-28,NA
2016-03-29,NA
2016-03-30,NA
2016-03-31,NA
2016-04-01,NA
2016-04-02,NA
2016-04-03,NA
2016-04-04,NA
2016-04-05,NA
2016-04-06,NA
2016-04-07,NA
2016-04-08,NA
2016-04-09,NA
2016-04-10,NA
2016-04-11,NA
2016-04-12,NA
2016-04-13,NA
2016-04-14,NA
2016-04-15,NA
2016-04-16,NA
2016-04-17,NA
2016-04-18,NA
2016-04-19,NA
2016-04-20,NA
2016-04-21,NA
2016-04-22,NA
2016-04-23,NA
2016-04-24,NA
2016-04-25,NA
2016-04-26,NA
2016-04-27,NA
2016-04-28,NA
2016-04-29,NA
2016-04-30,NA
2016-05-01,NA
2016-05-02,NA
2016-05-03,NA
2016-05-04,NA
2016-05-05,NA
2016-05-06,NA
2016-05-07,NA
2016-05-08,NA
2016-05-09,NA
2016-05-10,NA
2016-05-11,NA
2016-05-12,NA
2016-05-13,NA
2016-05-14,NA
2016-05-15,NA
2016-05-16,NA
2016-05-17,NA
2016-05-18,NA
2016-05-19,NA
2016-05-20,NA
2016-05-21,NA
2016-05-22,NA
2016-05-23,NA
2016-05-24,NA
2016-05-25,NA
2016-05-26,NA
2016-05-27,NA
2016-05-28,NA
2016-05-29,NA
2016-05-30,NA
2016-05-31,NA
2016-06-01,NA
2016-06-02,NA
2016-06-03,NA
2016-06-04,NA
2016-06-05,NA
2016-06-06,NA
2016-06-07,NA
2016-06-08,NA
2016-06-09,NA
2016-06-10,NA
2016-06-11,NA
2016-06-12,NA
2016-06-13,NA
2016-06-14,NA
2016-06-15,NA
2016-06-16,NA
2016-06-17,NA
2016-06-18,NA
2016-06-19,NA
2016-06-20,NA
2016-06-21,NA
2016-06-22,NA
2016-06-23,NA
2016-06-24,NA
2016-06-25,NA
2016-06-26,NA
2016-06-27,NA
2016-06-28,NA
2016-06-29,NA
2016-06-30,NA
2016-07-01,NA
2016-07-02,NA
2016-07-03,NA
2016-07-04,NA
2016-07-05,NA
2016-07-06,NA
2016-07-07,NA
2016-07-08,NA
2016-07-09,NA
2016-07-10,NA
2016-07-11,NA
2016-07-12,NA
2016-07-13,NA
2016-07-14,NA
2016-07-15,NA
2016-07-16,NA
2016-07-17,NA
2016-07-18,NA
2016-07-19,NA
2016-07-20,NA
2016-07-21,NA
2016-07-22,NA
2016-07-23,NA
2016-07-24,NA
2016-07-25,NA
2016-07-26,NA
2016-07-27,NA
2016-07-28,NA
2016-07-29,NA
2016-07-30,NA
2016-07-31,NA
2016-08-01,NA
2016-08-02,NA
2016-08-03,NA
2016-08-04,NA
2016-08-05,NA
2016-08-06,NA
2016-08-07,NA
2016-08-08,NA
2016-08-09,NA
2016-08-10,NA
2016-08-11,NA
2016-08-12,NA
2016-08-13,NA
2016-08-14,NA
2016-08-15,NA
2016-08-16,NA
2016-08-17,NA
2016-08-18,NA
2016-08-19,NA
2016-08-20,NA
2016-08-21,NA
2016-08-22,NA
2016-08-23,NA
2016-08-24,NA
2016-08-25,NA
2016-08-26,NA
2016-08-27,NA
2016-08-28,NA
2016-08-29,NA
2016-08-30,NA
2016-08-31,NA
2016-09-01,NA
2016-09-02,NA
2016-09-03,NA
2016-09-04,NA
2016-09-05,NA
2016-09-06,NA
2016-09-07,NA
2016-09-08,NA
2016-09-09,NA
2016-09-10,NA
2016-09-11,NA
2016-09-12,NA
2016-09-13,NA
2016-09-14,NA
2016-09-15,NA
2016-09-16,NA
2016-09-17,NA
2016-09-18,NA
2016-09-19,NA
2016-09-20,NA
2016-09-21,NA
2016-09-22,NA
2016-09-23,NA
2016-09-24,NA
2016-09-25,NA
2016-09-26,NA
2016-09-27,NA
2016-09-28,NA
2016-09-29,NA
2016-09-30,NA
2016-10-01,NA
2016-10-02,NA
2016-10-03,NA
2016-10-04,NA
2016-10-05,NA
2016-10-06,NA
2016-10-07,NA
2016-10-08,NA
2016-10-09,NA
2016-10-10,NA
2016-10-11,NA
2016-10-12,NA
2016-10-13,NA
2016-10-14,NA
2016-10-15,NA
2016-10-16,NA
2016-10-17,NA
2016-10-18,NA
2016-10-19,NA
2016-10-20,NA
2016-10-21,NA
2016-10-22,NA
2016-10-23,NA
2016-10-24,NA
2016-10-25,NA
2016-10-26,NA
2016-10-27,NA
2016-10-28,NA
2016-10-29,NA
2016-10-30,NA
2016-10-31,NA
2016-11-01,NA
2016-11-02,NA
2016-11-03,NA
2016-11-04,NA
2016-11-05,NA
2016-11-06,NA
2016-11-07,NA
2016-11-08,NA
2016-11-09,NA
2016-11-10,NA
2016-11-11,NA
2016-11-12,NA
2016-11-13,NA
2016-11-14,NA
2016-11-15,NA
2016-11-16,NA
2016-11-17,NA
2016-11-18,NA
2016-11-19,NA
2016-11-20,NA
2016-11-21,NA
2016-11-22,NA
2016-11-23,NA
2016-11-24,NA
2016-11-25,NA
2016-11-26,NA
2016-11-27,NA
2016-11-28,NA
2016-11-29,NA
2016-11-30,NA
2016-12-01,NA
2016-12-02,NA
2016-12-03,NA
2016-12-04,NA
2016-12-05,NA
2016-12-06,NA
2016-12-07,NA
2016-12-08,NA
2016-12-09,NA
2016-12-10,NA
2016-12-11,NA
2016-12-12,NA
2016-12-13,NA
2016-12-14,NA
2016-12-15,NA
2016-12-16,NA
2016-12-17,NA
2016-12-18,NA
2016-12-19,NA
2016-12-20,NA
2016-12-21,NA
2016-12-22,NA
2016-12-23,NA
2016-12-24,NA
2016-12-25,NA
2016-12-26,NA
2016-12-27,NA
2016-12-28,NA
2016-12-29,NA
2016-12-30,NA
2016-12-31,NA
2017-01-01,NA
2017-01-02,NA
2017-01-03,NA
2017-01-04,NA
2017-01-05,NA
2017-01-06,NA
2017-01-07,NA
2017-01-08,NA
2017-01-09,NA
2017-01-10,NA
2017-01-11,NA
2017-01-12,NA
2017-01-13,NA
2017-01-14,NA
2017-01-15,NA
2017-01-16,NA
2017-01-17,NA
2017-01-18,NA
2017-01-19,NA
2017-01-20,NA
2017-01-21,NA
2017-01-22,NA
2017-01-23,NA
2017-01-24,NA
2017-01-25,NA
2017-01-26,NA
2017-01-27,NA
2017-01-28,NA
2017-01-29,NA
2017-01-30,NA
2017-01-31,NA
2017-02-01,NA
2017-02-02,NA
2017-02-03,NA
2017-02-04,NA
2017-02-05,NA
2017-02-06,NA
2017-02-07,NA
2017-02-08,NA
2017-02-09,NA
2017-02-10,NA
2017-02-11,NA
2017-02-12,NA
2017-02-13,NA
2017-02-14,NA
2017-02-15,NA
2017-02-16,NA
2017-02-17,NA
2017-02-18,NA
2017-02-19,NA
2017-02-20,NA
2017-02-21,NA
2017-02-22,NA
2017-02-23,NA
2017-02-24,NA
2017-02-25,NA
2017-02-26,NA
2017-02-27,NA
2017-02-28,NA
2017-03-01,NA
2017-03-02,NA
2017-03-03,NA
2017-03-04,NA
2017-03-05,NA
2017-03-06,NA
2017-03-07,NA
2017-04-16,NA
2017-04-17,NA
2017-04-18,NA
2017-04-19,NA
2017-04-20,NA
2017-04-21,NA
2017-04-22,NA
2017-04-23,NA
2017-04-24,NA
2017-04-25,NA
2017-04-26,NA
2017-04-27,NA
2017-04-28,NA
2017-04-29,NA
2017-04-30,NA
2017-05-01,NA
2017-05-02,NA
2017-05-03,NA
2017-05-04,NA
2017-05-05,NA
2017-05-06,NA
2017-05-07,NA
2017-05-08,NA
2017-05-09,NA
2017-05-10,NA
2017-05-11,NA
2017-05-12,NA
2017-05-13,NA
2017-05-14,NA
2017-05-15,NA
2017-05-16,NA
2017-05-17,NA
2017-05-18,NA
2017-05-19,NA
2017-05-20,NA
2017-05-21,NA
2017-05-22,NA
2017-05-23,NA
2017-05-24,NA
2017-05-25,NA
2017-05-26,NA
2017-05-27,NA
2017-05-28,NA
2017-05-29,NA
2017-05-30,NA
2017-05-31,NA
2017-06-01,NA
2017-06-02,NA
2017-06-03,NA
2017-06-04,NA
2017-06-05,NA
2017-06-06,NA
2017-06-07,NA
2017-06-08,NA
2017-06-09,NA
2017-06-10,NA
2017-06-11,NA
2017-06-12,NA
2017-06-13,NA
2017-06-14,NA
2017-06-15,NA
2017-06-16,NA
2017-06-17,NA
2017-06-18,NA
2017-06-19,NA
2017-06-20,NA
2017-06-21,NA
2017-06-22,NA
2017-06-23,NA
2017-06-24,NA
2017-06-25,NA
2017-06-26,NA
2017-06-27,NA
2017-06-28,NA
2017-06-29,NA
2017-06-30,NA
2017-07-01,NA
2017-07-02,NA
2017-07-03,NA
2017-07-04,NA
2017-07-05,NA
2017-07-06,NA
2017-07-07,NA
2017-07-08,NA
2017-07-09,NA
2017-07-10,NA
2017-07-11,NA
2017-07-12,NA
2017-07-13,NA
2017-07-14,NA
2017-07-15,NA
2017-07-16,NA
2017-07-17,NA
2017-07-18,NA
2017-07-19,NA
2017-07-20,NA
2017-07-21,NA
2017-07-22,NA
2017-07-23,NA
2017-07-24,NA
2017-07-25,NA
2017-07-26,NA
2017-07-27,NA
2017-07-28,NA
2017-07-29,NA
2017-07-30,NA
2017-07-31,NA
2017-08-01,NA
2017-08-02,NA
2017-08-03,NA
2017-08-04,NA
2017-08-05,NA
2017-08-06,NA
2017-08-07,NA
2017-08-08,NA
2017-08-09,NA
2017-08-10,NA
2017-08-11,NA
2017-08-12,NA
2017-08-13,NA
2017-08-14,NA
2017-08-15,NA
2017-08-16,NA
2017-08-17,NA
2017-08-18,NA
2017-08-19,NA
2017-08-20,NA
2017-08-21,NA
2017-08-22,NA
2017-08-23,NA
2017-08-24,NA
2017-08-25,NA
2017-08-26,NA
2017-08-27,NA
2017-08-28,NA
2017-08-29,NA
2017-08-30,NA
2017-08-31,NA
2017-09-01,NA
2017-09-02,NA
2017-09-03,NA
2017-09-04,NA
2017-09-05,NA
2017-09-06,NA
2017-09-07,NA
2017-09-08,NA
2017-09-09,NA
2017-09-10,NA
2017-09-11,NA
2017-09-12,NA
2017-09-13,NA
2017-09-14,NA
2017-09-15,NA
2017-09-16,NA
2017-09-17,NA
2017-09-18,NA
2017-09-19,NA
2017-09-20,NA
2017-09-21,NA
2017-09-22,NA
2017-09-23,NA
2017-09-24,NA
2017-09-25,NA
2017-09-26,NA
2017-09-27,NA
2017-09-28,NA
2017-09-29,NA
2017-09-30,NA
2017-10-01,NA
2017-10-02,NA
2017-10-03,NA
2017-10-04,NA
2017-10-05,NA
2017-10-06,NA
2017-10-07,NA
2017-10-08,NA
2017-10-09,NA
2017-10-10,NA
2017-10-11,NA
2017-10-12,NA
2017-10-13,NA
2017-10-14,NA
2017-10-15,NA
2017-10-16,NA
2017-10-17,NA
2017-10-18,NA
2017-10-19,NA
2017-10-20,NA
2017-10-21,NA
2017-10-22,NA
2017-10-23,NA
2017-10-24,NA
2017-10-25,NA
2017-10-26,NA
2017-10-27,NA
2017-10-28,NA
2017-10-29,NA
2017-10-30,NA
2017-10-31,NA
2017-11-01,NA
2017-11-02,NA
2017-11-03,NA
2017-11-04,NA
2017-11-05,NA
2017-11-06,NA
2017-11-07,NA
2017-11-08,NA
2017-11-09,NA
2017-11-10,NA
2017-11-11,NA
2017-11-12,NA
2017-11-13,NA
2017-11-14,NA
2017-11-15,NA
2017-11-16,NA
2017-11-17,NA
2017-11-18,NA
2017-11-19,NA
2017-11-20,NA
2017-11-21,NA
2017-11-22,NA
2017-11-23,NA
2017-11-24,NA
2017-11-25,NA
2017-11-26,NA
2017-11-27,NA
2017-11-28,NA
2017-11-29,NA
2017-11-30,NA
2017-12-01,NA
2017-12-02,NA
2017-12-03,NA
2017-12-04,NA
2017-12-05,NA
2017-12-06,NA
2017-12-07,NA
2017-12-08,NA
2017-12-09,NA
2017-12-10,NA
2017-12-11,NA
2017-12-12,NA
2017-12-13,NA
2017-12-14,NA
2017-12-15,NA
2017-12-16,NA
2017-12-17,NA
2017-12-18,NA
2017-12-19,NA
2017-12-20,NA
2017-12-21,NA
2017-12-22,NA
2017-12-23,NA
2017-12-24,NA
2017-12-25,NA
2017-12-26,NA
2017-12-27,NA
2017-12-28,NA
2017-12-29,NA
2017-12-30,NA
2017-12-31,NA
2018-01-01,NA
2018-01-02,NA
2018-01-03,NA
2018-01-04,NA
2018-01-05,NA
2018-01-06,NA
2018-01-07,NA
2018-01-08,NA
2018-01-09,NA
2018-01-10,NA
2018-01-11,NA
2018-01-12,NA
2018-01-13,NA
2018-01-14,NA
2018-01-15,NA
2018-01-16,NA
2018-01-17,NA
2018-01-18,NA
2018-01-19,NA
2018-01-20,NA
2018-01-21,NA
2018-01-22,NA
2018-01-23,NA
2018-01-24,NA
2018-01-25,NA
2018-01-26,NA
2018-01-27,NA
2018-01-28,NA
2018-01-29,NA
2018-01-30,NA
2018-01-31,NA
2018-02-01,NA
2018-02-02,NA
2018-02-03,NA
2018-02-04,NA
2018-02-05,NA
2018-02-06,NA
2018-02-07,NA
2018-02-08,NA
2018-02-09,NA
2018-02-10,NA
2018-02-11,NA
2018-02-12,NA
2018-02-13,NA
2018-02-14,NA
2018-02-15,NA
2018-02-16,NA
2018-02-17,NA
2018-02-18,NA
2018-02-19,NA
2018-02-20,NA
2018-02-21,NA
2018-02-22,NA
2018-02-23,NA
2018-02-24,NA
2018-02-25,NA
2018-02-26,NA
2018-02-27,NA
2018-02-28,NA
2018-03-01,NA
2018-03-02,NA
2018-03-03,NA
2018-03-04,NA
2018-03-05,NA
2018-03-06,NA
2018-03-07,NA
2018-03-08,NA
2018-03-09,NA
2018-03-10,NA
2018-03-11,NA
2018-03-12,NA
2018-03-13,NA
2018-03-14,NA
2018-03-15,NA
2018-03-16,NA
2018-03-17,NA
2018-03-18,NA
2018-03-19,NA
2018-03-20,NA
2018-03-21,NA
2018-03-22,NA
2018-03-23,NA
2018-03-24,NA
2018-03-25,NA
2018-03-26,NA
2018-03-27,NA
2018-03-28,NA
2018-03-29,NA
2018-03-30,NA
2018-03-31,NA
2018-04-01,NA
2018-04-02,NA
2018-04-03,NA
2018-04-04,NA
2018-04-05,NA
2018-04-06,NA
2018-04-07,NA
2018-04-08,NA
2018-04-09,NA
2018-04-10,NA
2018-04-11,NA
2018-04-12,NA
2018-04-13,NA
2018-04-14,NA
2018-04-15,NA
2018-04-16,NA
2018-04-17,NA
2018-04-18,NA
2018-04-19,NA
2018-04-20,NA
2018-04-21,NA
2018-04-22,NA
2018-04-23,NA
2018-04-24,NA
2018-04-25,NA
2018-04-26,NA
2018-04-27,NA
2018-04-28,NA
2018-04-29,NA
2018-04-30,NA
2018-05-01,NA
2018-05-02,NA
2018-05-03,NA
2018-05-04,NA
2018-05-05,NA
2018-05-06,NA
2018-05-07,NA
2018-05-08,NA
2018-05-09,NA
2018-05-10,NA
2018-05-11,NA
2018-05-12,NA
2018-05-13,NA
2018-05-14,NA
2018-05-15,NA
2018-05-16,NA
2018-05-17,NA
2018-05-18,NA
2018-05-19,NA
2018-05-20,NA
2018-05-21,NA
2018-05-22,NA
2018-05-23,NA
2018-05-24,NA
2018-05-25,NA
2018-05-26,NA
2018-05-27,NA
2018-05-28,NA
2018-05-29,NA
2018-05-30,NA
2018-05-31,NA
2018-06-01,NA
2018-06-02,NA
2018-06-03,NA
2018-06-04,NA
2018-06-05,NA
2018-06-06,NA
2018-06-07,NA
2018-06-08,NA
2018-06-09,NA
2018-06-10,NA
2018-06-11,NA
2018-06-12,NA
2018-06-13,NA
2018-06-14,NA
2018-06-15,NA
2018-06-16,NA
2018-06-17,NA
2018-06-18,NA
2018-06-19,NA
2018-06-20,NA
2018-06-21,NA
2018-06-22,NA
2018-06-23,NA
2018-06-24,NA
2018-06-25,NA
2018-06-26,NA
2018-06-27,NA
2018-06-28,NA
2018-06-29,NA
2018-06-30,NA
2018-07-01,NA
2018-07-02,NA
2018-07-03,NA
2018-07-04,NA
2018-07-05,NA
2018-07-06,NA
2018-07-07,NA
2018-07-08,NA
2018-07-09,NA
2018-07-10,NA
2018-07-11,NA
2018-07-12,NA
2018-07-13,NA
2018-07-14,NA
2018-07-15,NA
2018-07-16,NA
2018-07-17,NA
2018-07-18,NA
2018-07-19,NA
2018-07-20,NA
2018-07-21,NA
2018-07-22,NA
2018-07-23,NA
2018-07-24,NA
2018-07-25,NA
2018-07-26,NA
2018-07-27,NA
2018-07-28,NA
2018-07-29,NA
2018-07-30,NA
2018-07-31,NA
2018-08-01,NA
2018-08-02,NA
2018-08-03,NA
2018-08-04,NA
2018-08-05,NA
2018-08-06,NA
2018-08-07,NA
2018-08-08,NA
2018-08-09,NA
2018-08-10,NA
2018-08-11,NA
2018-08-12,NA
2018-08-13,NA
2018-08-14,NA
2018-08-15,NA
2018-08-16,NA
2018-08-17,NA
2018-08-18,NA
2018-08-19,NA
2018-08-20,NA
2018-08-21,NA
2018-08-22,NA
2018-08-23,NA
2018-08-24,NA
2018-08-25,NA
2018-08-26,NA
2018-08-27,NA
2018-08-28,NA
2018-08-29,NA
2018-08-30,NA
2018-08-31,NA
2018-09-01,NA
2018-09-02,NA
2018-09-03,NA
2018-09-04,NA
2018-09-05,NA
2018-09-06,NA
2018-09-07,NA
2018-09-08,NA
2018-09-09,NA
2018-09-10,NA
2018-09-11,NA
2018-09-12,NA
2018-09-13,NA
2018-09-14,NA
2018-09-15,NA
2018-09-16,NA
2018-09-17,NA
2018-09-18,NA
2018-09-19,NA
2018-09-20,NA
2018-09-21,NA
2018-09-22,NA
2018-09-23,NA
2018-09-24,NA
2018-09-25,NA
2018-09-26,NA
2018-09-27,NA
2018-09-28,NA
2018-09-29,NA
2018-09-30,NA
2018-10-01,NA
2018-10-02,NA
2018-10-03,NA
2018-10-04,NA
2018-10-05,NA
2018-10-06,NA
2018-10-07,NA
2018-10-08,NA
2018-10-09,NA
2018-10-10,NA
2018-10-11,NA
2018-10-12,NA
2018-10-13,NA
2018-10-14,NA
2018-10-15,NA
2018-10-16,NA
2018-10-17,NA
2018-10-18,NA
2018-10-19,NA
2018-10-20,NA
2018-10-21,NA
2018-10-22,NA
2018-10-23,NA
2018-10-24,NA
2018-10-25,NA
2018-10-26,NA
2018-10-27,NA
2018-10-28,NA
2018-10-29,NA
2018-10-30,NA
2018-10-31,NA
2018-11-01,NA
2018-11-02,NA
2018-11-03,NA
2018-11-04,NA
2018-11-05,NA
2018-11-06,NA
2018-11-07,NA
2018-11-08,NA
2018-11-09,NA
2018-11-10,NA
2018-11-11,NA
2018-11-12,NA
2018-11-13,NA
2018-11-14,NA
2018-11-15,NA
2018-11-16,NA
2018-11-17,NA
2018-11-18,NA
2018-11-19,NA
2018-11-20,NA
2018-11-21,NA
2018-11-22,NA
2018-11-23,NA
2018-11-24,NA
2018-11-25,NA
2018-11-26,NA
2018-11-27,NA
2018-11-28,NA
2018-11-29,NA
2018-11-30,NA
2018-12-01,NA
2018-12-02,NA
2018-12-03,NA
2018-12-04,NA
2018-12-05,NA
2018-12-06,NA
2018-12-07,NA
2018-12-08,NA
2018-12-09,NA
2018-12-10,NA
2018-12-11,NA
2018-12-12,NA
2018-12-13,NA
2018-12-14,NA
2018-12-15,NA
2018-12-16,NA
2018-12-17,NA
2018-12-18,NA
2018-12-19,NA
2018-12-20,NA
2018-12-21,NA
2018-12-22,NA
2018-12-23,NA
2018-12-24,NA
2018-12-25,NA
2018-12-26,NA
2018-12-27,NA
2018-12-28,NA
2018-12-29,NA
2018-12-30,NA
2018-12-31,NA
2019-01-01,NA
2019-01-02,NA
2019-01-03,NA
2019-01-04,NA
2019-01-05,NA
2019-01-06,NA
2019-01-07,NA
2019-01-08,NA
2019-01-09,NA
2019-01-10,NA
2019-01-11,NA
2019-01-12,NA
2019-01-13,NA
2019-01-14,NA
2019-01-15,NA
2019-01-16,NA
2019-01-17,NA
2019-01-18,NA
2019-01-19,NA
2019-01-20,NA
2019-01-21,NA
2019-01-22,NA
2019-01-23,NA
2019-01-24,NA
2019-01-25,NA
2019-01-26,NA
2019-01-27,NA
2019-01-28,NA
2019-01-29,NA
2019-01-30,NA
2019-01-31,NA
2019-02-01,NA
2019-02-02,NA
2019-02-03,NA
2019-02-04,NA
2019-02-05,NA
2019-02-06,NA
2019-02-07,NA
2019-02-08,NA
2019-02-09,NA
2019-02-10,NA
2019-02-11,NA
2019-02-12,NA
2019-02-13,NA
2019-02-14,NA
2019-02-15,NA
2019-02-16,NA
2019-02-17,NA
2019-02-18,NA
2019-02-19,NA
2019-02-20,NA
2019-02-21,NA
2019-02-22,NA
2019-02-23,NA
2019-02-24,NA
2019-02-25,NA
2019-02-26,NA
2019-02-27,NA
2019-02-28,NA
2019-03-01,NA
2019-03-02,NA
2019-03-03,NA
2019-03-04,NA
2019-03-05,NA
2019-03-06,NA
2019-03-07,NA
2019-03-08,NA
2019-03-09,NA
2019-03-10,NA
2019-03-11,NA
2019-03-12,NA
2019-03-13,NA
2019-03-14,NA
2019-03-15,NA
2019-03-16,NA
2019-03-17,NA
2019-03-18,NA
2019-03-19,NA
2019-03-20,NA
2019-03-21,NA
2019-03-22,NA
2019-03-23,NA
2019-03-24,NA
2019-03-25,NA
2019-03-26,NA
2019-03-27,NA
2019-03-28,NA
2019-03-29,NA
2019-03-30,NA
2019-03-31,NA
2019-04-01,NA
2019-04-02,NA
2019-04-03,NA
2019-04-04,NA
2019-04-05,NA
2019-04-06,NA
2019-04-07,NA
2019-04-08,NA
2019-04-09,NA
2019-04-10,NA
2019-04-11,NA
2019-04-12,NA
2019-04-13,NA
2019-04-14,NA
2019-04-15,NA
2019-04-16,NA
2019-04-17,NA
2019-04-18,NA
2019-04-19,NA
2019-04-20,NA
2019-04-21,NA
2019-04-22,NA
2019-04-23,NA
2019-04-24,NA
2019-04-25,NA
2019-04-26,NA
2019-04-27,NA
2019-04-28,NA
2019-04-29,NA
2019-04-30,NA
2019-05-01,NA
2019-05-02,NA
2019-05-03,NA
2019-05-04,NA
2019-05-05,NA
2019-05-06,NA
2019-05-07,NA
2019-05-08,NA
2019-05-09,NA
2019-05-10,NA
2019-05-11,NA
2019-05-12,NA
2019-05-13,NA
2019-05-14,NA
2019-05-15,NA
2019-05-16,NA
2019-05-17,NA
2019-05-18,NA
2019-05-19,NA
2019-05-20,NA
2019-05-21,NA
2019-05-22,NA
2019-05-23,NA
2019-05-24,NA
2019-05-25,NA
2019-05-26,NA
2019-05-27,NA
2019-05-28,NA
2019-05-29,NA
2019-05-30,NA
2019-05-31,NA
2019-06-01,NA
2019-06-02,NA
2019-06-03,NA
2019-06-04,NA
2019-06-05,NA
2019-06-06,NA
2019-06-07,NA
2019-06-08,NA
2019-06-09,NA
2019-06-10,NA
2019-06-11,NA
2019-06-12,NA
2019-06-13,NA
2019-06-14,NA
2019-06-15,NA
2019-06-16,NA
2019-06-17,NA
2019-06-18,NA
2019-06-19,NA
2019-06-20,NA
2019-06-21,NA
2019-06-22,NA
2019-06-23,NA
2019-06-24,NA
2019-06-25,NA
2019-06-26,NA
2019-06-27,NA
2019-06-28,NA
2019-06-29,NA
2019-06-30,NA
2019-07-01,NA
2019-07-02,NA
2019-07-03,NA
2019-07-04,NA
2019-07-05,NA
2019-07-06,NA
2019-07-07,NA
2019-07-08,NA
2019-07-09,NA
2019-07-10,NA
2019-07-11,NA
2019-07-12,NA
2019-07-13,NA
2019-07-14,NA
2019-07-15,NA
2019-07-16,NA
2019-07-17,NA
2019-07-18,NA
2019-07-19,NA
2019-07-20,NA
2019-07-21,NA
2019-07-22,NA
2019-07-23,NA
2019-07-24,NA
2019-07-25,NA
2019-07-26,NA
2019-07-27,NA
2019-07-28,NA
2019-07-29,NA
2019-07-30,NA
2019-07-31,NA
2019-08-01,NA
2019-08-02,NA
2019-08-03,NA
2019-08-04,NA
2019-08-05,NA
2019-08-06,NA
2019-08-07,NA
2019-08-08,NA
2019-08-09,NA
2019-08-10,NA
2019-08-11,NA
2019-08-12,NA
2019-08-13,NA
2019-08-14,NA
2019-08-15,NA
2019-08-16,NA
2019-08-17,NA
2019-08-18,NA
2019-08-19,NA
2019-08-20,NA
2019-08-21,NA
2019-08-22,NA
2019-08-23,NA
2019-08-24,NA
2019-08-25,NA
2019-08-26,NA
2019-08-27,NA
2019-08-28,NA
2019-08-29,NA
2019-08-30,NA
2019-08-31,NA
2019-09-01,NA
2019-09-02,NA
2019-09-03,NA
2019-09-04,NA
2019-09-05,NA
2019-09-06,NA
2019-09-07,NA
2019-09-08,NA
2019-09-09,NA
2019-09-10,NA
2019-09-11,NA
2019-09-12,NA
2019-09-13,NA
2019-09-14,NA
2019-09-15,NA
2019-09-16,NA
2019-09-17,NA
2019-09-18,NA
2019-09-19,NA
2019-09-20,NA
2019-09-21,NA
2019-09-22,NA
2019-09-23,NA
2019-09-24,NA
2019-09-25,NA
2019-09-26,NA
2019-09-27,NA
2019-09-28,NA
2019-09-29,NA
2019-09-30,NA
2019-10-01,NA
2019-10-02,NA
2019-10-03,NA
2019-10-04,NA
2019-10-05,NA
2019-10-06,NA
2019-10-07,NA
2019-10-08,NA
2019-10-09,NA
2019-10-10,NA
2019-10-11,NA
2019-10-12,NA
2019-10-13,NA
2019-10-14,NA
2019-10-15,NA
2019-10-16,NA
2019-10-17,NA
2019-10-18,NA
2019-10-19,NA
2019-10-20,NA
2019-10-21,NA
2019-10-22,NA
2019-10-23,NA
2019-10-24,NA
2019-10-25,NA
2019-10-26,NA
2019-10-27,NA
2019-10-28,NA
2019-10-29,NA
2019-10-30,NA
2019-10-31,NA
2019-11-01,NA
2019-11-02,NA
2019-11-03,NA
2019-11-04,NA
2019-11-05,NA
2019-11-06,NA
2019-11-07,NA
2019-11-08,NA
2019-11-09,NA
2019-11-10,NA
2019-11-11,NA
2019-11-12,NA
2019-11-13,NA
2019-11-14,NA
2019-11-15,NA
2019-11-16,NA
2019-11-17,NA
2019-11-18,NA
2019-11-19,NA
2019-11-20,NA
2019-11-21,NA
2019-11-22,NA
2019-11-23,NA
2019-11-24,NA
2019-11-25,NA
2019-11-26,NA
2019-11-27,NA
2019-11-28,NA
2019-11-29,NA
2019-11-30,NA
2019-12-01,NA
2019-12-02,NA
2019-12-03,NA
2019-12-04,NA
2019-12-05,NA
2019-12-06,NA
2019-12-07,NA
2019-12-08,NA
2019-12-09,NA
2019-12-10,NA
2019-12-11,NA
2019-12-12,NA
2019-12-13,NA
2019-12-14,NA
2019-12-15,NA
2019-12-16,NA
2019-12-17,NA
2019-12-18,NA
2019-12-19,NA
2019-12-20,NA
2019-12-21,NA
2019-12-22,NA
2019-12-23,NA
2019-12-24,NA
2019-12-25,NA
2019-12-26,NA
2019-12-27,NA
2019-12-28,NA
2019-12-29,NA
2019-12-30,NA
2019-12-31,NA
2020-01-01,NA
2020-01-02,NA
2020-01-03,NA
2020-01-04,NA
2020-01-05,NA
2020-01-06,NA
2020-01-07,NA
2020-01-08,NA
2020-01-09,NA
2020-01-10,NA
2020-01-11,NA
2020-01-12,NA
2020-01-13,NA
2020-01-14,NA
2020-01-15,NA
2020-01-16,NA
2020-01-17,NA
2020-01-18,NA
2020-01-19,NA
2020-01-20,NA
2020-01-21,NA
2020-01-24,NA
2020-01-25,NA
2020-01-26,NA
2020-01-27,NA
2020-01-28,NA
2020-01-29,NA
2020-01-30,NA
2020-01-31,NA
2020-02-01,NA
2020-02-02,NA
2020-02-03,NA
2020-02-04,NA
2020-02-05,NA
2020-02-06,NA
2020-02-07,NA
2020-02-08,NA
2020-02-09,NA
2020-02-10,NA
2020-02-11,NA
2020-02-12,NA
2020-02-13,NA
2020-02-14,NA
2020-02-15,NA
2020-02-16,NA
2020-02-17,NA
2020-02-18,NA
2020-02-19,NA
2020-02-20,NA
2020-02-21,NA
2020-02-22,NA
2020-02-23,NA
2020-02-24,NA
2020-02-25,NA
2020-02-26,NA
2020-02-27,NA
2020-02-28,NA
2020-02-29,NA
2020-03-01,NA
2020-03-02,NA
2020-03-03,NA
2020-03-04,NA
2020-03-05,NA
2020-03-06,NA
2020-03-07,NA
2020-03-08,NA
2020-03-09,NA
2020-03-10,NA
2020-03-11,NA
2020-03-12,NA
2020-03-13,NA
2020-03-14,NA
2020-03-15,NA
2020-03-16,NA
2020-03-17,NA
2020-03-18,NA
2020-03-19,NA
2020-03-20,NA
2020-03-21,NA
2020-03-22,NA
2020-03-23,NA
2020-03-24,NA
2020-03-25,NA
2020-03-26,NA
2020-03-27,NA
2020-03-28,NA
2020-03-29,NA
2020-03-30,NA
2020-03-31,NA
2020-04-01,NA
2020-04-02,NA
2020-04-03,NA
2020-04-04,NA
2020-04-05,NA
2020-04-06,NA
2020-04-07,NA
2020-04-08,NA
2020-04-09,NA
2020-04-10,NA
2020-04-11,NA
2020-04-12,NA
2020-04-13,NA
2020-04-14,NA
2020-04-15,NA
2020-04-16,NA
2020-04-17,NA
2020-04-18,NA
2020-04-19,NA
2020-04-20,NA
2020-04-21,NA
2020-04-22,NA
2020-04-23,NA
2020-04-24,NA
2020-04-25,NA
2020-04-26,NA
2020-04-27,NA
2020-04-28,NA
2020-04-29,NA
2020-04-30,NA
2020-05-01,NA
2020-05-02,NA
2020-05-03,NA
2020-05-04,NA
2020-05-05,NA
2020-05-06,NA
2020-05-07,NA
2020-05-08,NA
2020-05-09,NA
2020-05-10,NA
2020-05-11,NA
2020-05-12,NA
2020-05-13,NA
2020-05-14,NA
2020-05-15,NA
2020-05-16,NA
2020-05-17,NA
2020-05-18,NA
2020-05-19,NA
2020-05-20,NA
2020-05-21,NA
2020-05-22,NA
2020-05-23,NA
2020-05-24,NA
2020-05-25,NA
2020-05-26,NA
2020-05-27,NA
2020-05-28,NA
2020-05-29,NA
2020-05-30,NA
2020-05-31,NA
2020-06-01,NA
2020-06-02,NA
2020-06-03,NA
2020-06-04,NA
2020-06-05,NA
2020-06-06,NA
2020-06-07,NA
2020-06-08,NA
2020-06-09,NA
2020-06-10,NA
2020-06-11,NA
2020-06-12,NA
2020-06-13,NA
2020-06-14,NA
2020-06-15,NA
2020-06-16,NA
2020-06-17,NA
2020-06-18,NA
2020-06-19,NA
2020-06-20,NA
2020-06-21,NA
2020-06-22,NA
2020-06-23,NA
2020-06-24,NA
2020-06-25,NA
2020-06-26,NA
2020-06-27,NA
2020-06-28,NA
2020-06-29,NA
2020-06-30,NA
2020-07-01,NA
2020-07-02,NA
2020-07-03,NA
2020-07-04,NA
2020-07-05,NA
2020-07-06,NA
2020-07-07,NA
2020-07-08,NA
2020-07-09,NA
2020-07-10,NA
2020-07-11,NA
2020-07-12,NA
2020-07-13,NA
2020-07-14,NA
2020-07-15,NA
2020-07-16,NA
2020-07-17,NA
2020-07-18,NA
2020-07-19,NA
2020-07-20,NA
2020-07-21,NA
2020-07-22,NA
2020-07-23,NA
2020-07-24,NA
2020-07-25,NA
2020-07-26,NA
2020-07-27,NA
2020-07-28,NA
2020-07-29,NA
2020-07-30,NA
2020-07-31,NA
2020-08-01,NA
2020-08-02,NA
2020-08-03,NA
2020-08-04,NA
2020-08-05,NA
2020-08-06,NA
2020-08-07,NA
2020-08-08,NA
2020-08-09,NA
2020-08-10,NA
2020-08-11,NA
2020-08-12,NA
2020-08-13,NA
2020-08-14,NA
2020-08-15,NA
2020-08-16,NA
2020-08-17,NA
2020-08-18,NA
2020-08-19,NA
2020-08-20,NA
2020-08-21,NA
2020-08-22,NA
2020-08-23,NA
2020-08-24,NA
2020-08-25,NA
2020-08-26,NA
2020-08-27,NA
2020-08-28,NA
2020-08-29,NA
2020-08-30,NA
2020-08-31,NA
2020-09-01,NA
2020-09-02,NA
2020-09-03,NA
2020-09-04,NA
2020-09-05,NA
2020-09-06,NA
2020-09-07,NA
2020-09-08,NA
2020-09-09,NA
2020-09-10,NA
2020-09-11,NA
2020-09-12,NA
2020-09-13,NA
2020-09-14,NA
2020-09-15,NA
2020-09-16,NA
2020-09-17,NA
2020-09-18,NA
2020-09-19,NA
2020-09-20,NA
2020-09-21,NA
2020-09-22,NA
2020-09-23,NA
2020-09-24,NA
2020-09-25,NA
2020-09-26,NA
2020-09-27,NA
2020-09-28,NA
2020-09-29,NA
2020-09-30,NA
2020-10-01,NA
2020-10-02,NA
2020-10-03,NA
2020-10-04,NA
2020-10-05,NA
2020-10-06,NA
2020-10-07,NA
2020-10-08,NA
2020-10-09,NA
2020-10-10,NA
2020-10-11,NA
2020-10-12,NA
2020-10-13,NA
2020-10-14,NA
2020-10-15,NA
2020-10-16,NA
2020-10-17,NA
2020-10-18,NA
2020-10-19,NA
2020-10-20,NA
2020-10-21,NA
2020-10-22,NA
2020-10-23,NA
2020-10-24,NA
2020-10-25,NA
2020-10-26,NA
2020-10-27,NA
2020-10-28,NA
2020-10-29,NA
2020-10-30,NA
2020-10-31,NA
2020-11-01,NA
2020-11-02,NA
2020-11-03,NA
2020-11-04,NA
2020-11-05,NA
2020-11-06,NA
2020-11-07,NA
2020-11-08,NA
2020-11-09,NA
2020-11-10,NA
2020-11-11,NA
2020-11-12,NA
2020-11-13,NA
2020-11-14,NA
2020-11-15,NA
2020-11-16,NA
2020-11-17,NA
2020-11-18,NA
2020-11-19,NA
2020-11-20,NA
2020-11-21,NA
2020-11-22,NA
2020-11-23,NA
2020-11-24,NA
2020-11-25,NA
2020-11-26,NA
2020-11-27,NA
2020-11-28,NA
2020-11-29,NA
2020-11-30,NA
2020-12-01,NA
2020-12-02,NA
2020-12-03,NA
2020-12-04,NA
2020-12-05,NA
2020-12-06,NA
2021-01-01,NA
