"datetime","FLake","GLM","GOTM","MyLake","Obs","Simstrat","mean"
2005-07-25,9.46571833627857,13.2728969149045,3.79224552703695,4.39212422863433,8.10359735780802,4.82568981082475,7.14973496353583
2006-07-05,8.54369010210218,13.4039218050108,2.78774677663195,4.48168585318681,14.4534709402997,5.36492217550807,6.91639334248795
2006-07-24,9.46943792662521,13.3962574126741,3.63505616206597,4.55192163827058,5.6820158349556,4.85068247613782,7.18067112315474
2006-08-15,10.5,13.3837923531347,6.19756125393131,6.59527308191533,7.89898826560886,6.53936712269827,8.64319876233591
2007-06-11,6.5813326242847,13.3815241526772,2.34832514090842,3.26237202054952,11.3192794647076,3.42558341449071,5.79982747058211
2007-07-16,8.53291987506375,13.2990077872272,3.52917435576858,4.64152470683408,7.63320840059134,4.75009311841495,6.95054396866171
2007-08-14,9.55228405526586,13.3756021086739,4.98186345446411,5.56077165919588,7.82841861131424,5.79227894650407,7.85256004482076
2007-08-28,10.5,13.3560421120488,2.66541143703766,7.24274382060215,7.46555351915068,6.23572469811081,7.99998441355987
2007-08-29,10.5,13.363197636036,2.81843523096051,7.20523805970883,7.21001693206371,6.14656150968387,8.00668648727784
2008-06-01,7.08145912586887,10.7166880370965,2.55921122874339,4.46812911029775,6.96446155513246,5.84208656901054,6.1335148142034
2008-06-02,6.09980570778513,10.7019391906085,2.58492697150869,4.58767083425391,6.67468801877814,6.47291482918478,6.08945150666821
2008-06-03,6.41385094138996,10.6889615382035,2.62856427162327,4.53438550413819,10.7969038654149,5.56840608065321,5.96683366720163
2008-06-04,6.52926534469664,10.6849765073688,2.63847838451133,4.6295909025029,6.25504378959194,4.73078791715138,5.8426198112462
2008-06-05,6.61371710471909,13.3925667402396,2.85952020542364,4.59978328209008,5.89776839733033,3.77763266564294,6.24864399962307
2008-06-06,6.64270791665974,13.401225347626,3.02705954427735,5.40722757802548,6.50205080169268,4.10951560608878,6.51754719853547
2008-06-07,6.81420721313501,13.3895457693226,3.31180462864576,5.37826002848676,5.83859068920153,4.33208060716506,6.64517964935104
2008-06-08,6.75098697666274,13.3935016431838,1.57325744214706,5.32461178972664,5.92543002527599,3.48456812726575,6.1053851957972
2008-06-09,6.69550783293205,13.392119201764,1.34924823402206,5.23570823006184,6.64692503926664,3.44108727317696,6.02273415439139
2008-06-10,6.65634548212875,13.3881942575451,1.3505921544425,5.04990045512765,5.53429974314332,3.05229106102416,5.89946468205364
2008-06-11,6.63315904863256,13.3961611421437,1.55768898554078,2.53106534921229,3.08453768203322,2.97191148240932,5.41799720158773
2008-06-12,6.61735419882041,13.3873727905623,1.79144227407668,2.89576254878316,5.15271483512161,3.84799813344095,5.70798598913671
2008-06-13,6.66369420766677,13.3840935235264,2.41772858080782,2.80991893936127,2.19065932060854,4.10259452287665,5.87560595484779
2008-06-14,6.69254846832226,13.3933147022143,2.47684870840407,2.76290765061323,5.01354687499136,3.9346290059021,5.85204970709119
2008-06-15,6.66140085459525,13.4009626342363,2.50446375800101,2.86349887560183,3.65752462821042,3.82207490549356,5.85048020558559
2008-06-16,6.73286635592902,13.4081629056479,2.62930618329357,3.42784171057558,3.83150389528257,3.73301678527986,5.98623878814518
2008-06-17,6.84445322004533,13.4084336335826,2.73309043470842,3.55450413554603,5.30992157805426,3.79964295714724,6.06802487620592
2008-06-18,7.090449620045,13.4095803008789,2.84384800911048,3.65495509555183,3.8176319684071,4.0276609977957,6.20529880467639
2008-06-19,7.41859284038026,13.4111182324214,3.18757228380154,3.79604820243646,4.36231826079874,4.32874467796293,6.42841524740051
2008-06-20,7.52689647246455,13.412856368946,3.46568192462566,3.94570644659553,4.26671212743481,4.4410782725151,6.55844389702937
2008-06-21,7.57302659972498,13.415596160731,3.54215175237257,3.86274997245615,5.15942139536051,4.47900956032342,6.57450680912162
2008-06-22,7.59396704514455,13.4181776145473,3.50971439848619,4.31314695141515,4.57145390189827,4.51958953700424,6.67091910931949
2008-06-23,7.62348537941399,13.4167320545253,3.46430965175018,4.44982042923207,5.52211587230135,4.58360736552521,6.70759097608935
2008-06-24,7.65655738004371,13.4150983809104,3.37959900968986,4.33677091165315,5.35671510092213,4.56088231024028,6.66978159850748
2008-06-25,7.74082980235493,13.4151714685643,3.10785758465386,4.37535351724728,5.27106357409652,4.56769578065856,6.64138163069579
2008-06-26,7.88662826660961,13.4133023684069,3.03444005955584,4.55177163481198,5.33003030491203,4.64576029707306,6.70638052529149
2008-06-27,8.22898297419229,13.4137071860125,3.40118136442734,4.52633275052042,5.2811173787184,4.65682594688184,6.84540604440688
2008-06-28,8.40176515625857,13.4159685031623,3.32215792920176,4.50680161333645,5.51772493676402,4.59647846654925,6.84863433370166
2008-06-29,8.31181300532448,13.4196441993365,2.9353714459838,4.03075870630126,5.56829306958062,4.42902785438765,6.62532304226674
2008-06-30,7.7268581858251,13.4146997022907,2.64943284827067,3.79829825283956,5.44857469704252,4.1975364430951,6.35736508646422
2008-07-01,7.86022982250889,13.4114436808283,2.6065116088967,3.76741919232149,10.2238797085588,4.09932220766605,6.34898530244429
2008-07-02,8.07256422329851,13.415056072267,2.67817997541964,3.659121949506,5.50780023903917,3.98909934062275,6.36280431222277
2008-07-03,8.23564258022836,13.4185503135673,2.75545085781035,3.93635101734769,5.68917326374659,4.26015426003912,6.52122980579857
2008-07-04,8.4532072748777,13.4094039651802,2.90356536357801,4.08712429364501,5.40474901529658,4.52217426132328,6.67509503172083
2008-07-05,8.52013137846338,13.4126950004692,3.15551296487231,4.11413225978882,4.87021244012227,4.55193224840338,6.75088077039943
2008-07-06,8.54205726189274,13.416574655278,3.1591891259617,4.0734970499784,5.19382825917734,4.50447782463278,6.73915918354873
2008-07-07,8.45238402717136,13.419739335071,2.96013247950226,3.85894096509594,5.12707709752365,4.42082007425093,6.62240337621829
2008-07-08,8.50658913814301,13.4218512743522,2.85758059891499,3.72166708114322,4.71140991384404,4.35509808180535,6.57255723487175
2008-07-09,8.53970498038738,13.42267675078,2.8252563163286,3.74876700131528,5.31945195182626,4.34402431797119,6.5760858733565
2008-07-10,8.54885850709651,13.4195333950084,2.79584563387768,3.98607062577165,4.16674689956357,4.41585705990671,6.63323304433218
2008-07-11,8.55950454510814,13.418169603791,2.87514438079295,4.22489857487848,4.91593887227294,4.5384558529185,6.72323459149781
2008-07-12,8.57381712267345,13.4206426045997,3.20583566242096,4.14612647261128,5.12798414402677,4.55007242511823,6.77929885748473
2008-07-13,8.60092797764379,13.4228597844894,3.21584203574689,4.56591660768876,5.23317503863754,4.63435558552073,6.88798039821791
2008-07-14,8.64879550167382,13.4157161141705,3.32313696494829,4.60896551755978,5.56015828457686,5.16144797382754,7.03161241443599
2008-07-15,8.72271261590053,13.4134590818258,3.50876042350724,4.57415710415957,5.32548753649344,5.1352101919481,7.07085988346824
2008-07-16,8.95734765309172,13.4147421454883,3.56247568497188,4.56300582873703,5.43527861835173,4.97537181772183,7.09458862600215
2008-07-17,8.79458790374282,13.4176518905837,3.41784929086082,4.51649069531355,5.4818965023708,4.86124835956409,7.00156562801299
2008-07-18,8.78287559259352,13.4201898770807,3.14028940208281,4.37200548669685,5.23735705568297,4.78884593189381,6.90084125806955
2008-07-19,9.108083043615,13.4225784711008,3.06361902590541,3.89420803693925,5.71550121812359,4.71930716954408,6.8415591494209
2008-07-20,9.3234908655296,13.4211061990459,3.12031790180724,4.04289040509125,5.48379419538281,4.68731236160275,6.91902354661535
2008-07-21,9.43090256870373,13.4233479280636,3.32431072735284,4.40115571996671,5.55809060937097,4.67470252659588,7.05088389413655
2008-07-22,9.51086966118229,13.4244002598291,3.43210556166588,4.2508912907153,5.61852350398505,4.6502425052389,7.0537018557263
2008-07-23,9.51305744540403,13.4266889200738,3.51603801656584,4.62089688009421,6.07333445968499,4.84953702227654,7.18524365688288
2008-07-24,9.51726506320365,13.4265461737344,3.82423028886068,5.45000708333472,6.67468569116843,5.27039670191968,7.49768906221062
2008-07-25,9.52729171492931,13.415943757202,4.12257304666382,5.38659819470833,6.63541676243623,5.53912804403004,7.5983069515067
2008-07-26,9.537221130685,13.4149295780338,4.38751791889458,5.29166007590097,5.87626877472864,5.53921828715827,7.63410939813452
2008-07-27,9.55113259283568,13.4163918439651,4.38769787682809,5.36390129199359,5.96568524229748,5.55895284715499,7.65561529055548
2008-07-28,9.59778604031628,13.4127921525757,4.35138342269791,5.4022306665355,5.86462099303968,5.6019360247628,7.67322566137765
2008-07-29,9.6970978836672,13.4137323911799,4.3941450744371,5.3222393621876,11.1929625794397,5.60447125886349,7.68633719406706
2008-07-30,10.5,13.4137356726159,4.41023500652133,5.33060943039379,5.87334219533088,5.57862240625798,7.84664050315781
2008-07-31,10.5,13.4155576087291,4.28769386427602,5.3369149054833,5.82429412467797,5.53941658605928,7.81591659290953
2008-08-01,10.5,13.4168463783402,4.04640755596648,5.3167069545333,5.75996020597033,5.47309154994749,7.75061048775749
2008-08-02,10.5,13.4184021637687,3.89700544934722,5.21047365764072,5.72614762160355,5.43518909266485,7.69221407268429
2008-08-03,10.5,13.4203431080408,3.88471307478005,4.89372452257585,6.4412220841934,5.43660378331944,7.62707689774322
2008-08-04,10.5,13.4223149624725,4.04109529637284,4.88587826529747,5.92080779057653,5.50084406565199,7.67002651795895
2008-08-05,10.5,13.4214827243274,4.45084712615943,5.04874387371286,5.8619166428358,5.55061430870498,7.79433760658093
2008-08-06,10.5,13.4230676022186,4.67982824446967,5.64556945492699,6.70146947859858,5.62120194142123,7.9739334486073
2008-08-07,10.5,13.4229171215667,4.94643898818461,5.65763940004718,6.66683647579512,5.8421994683438,8.07383899562847
2008-08-08,10.5,13.4247871257554,5.30986304267195,5.64665185716358,6.44442737864989,5.85003061268413,8.14626652765502
2008-08-09,10.5,13.4266364730854,5.47854267289079,5.67162525033123,6.73488114946145,5.88405370435973,8.19217162013342
2009-06-22,7.68269574509358,13.3204907190802,2.98635305013833,5.4358373475824,11.417066244175,5.1035045851427,6.90577628940745
2009-07-13,9.46282985807659,13.2812432930498,2.92116014697541,4.61390510829413,10.11860167957,4.87610173758465,7.03104802879611
2009-07-29,9.39885245694083,13.2811386612437,3.08226648318646,4.51063567263461,9.02701376697586,4.95152863505413,7.04488438181194
2009-07-30,9.48934181314174,13.2820679854045,2.94895505808839,4.60970821775006,9.00993790389893,4.88850117396503,7.04371484966995
2009-07-31,9.51186310384665,13.2749120027181,3.07703819253206,4.77060690058008,7.91886906666273,4.960978973777,7.11907983469078
2009-08-01,9.51721013294093,13.2843041165001,3.67673556438923,4.78538558930883,9.38650926030498,5.23702619174558,7.30013231897694
2009-08-02,9.5212765414283,13.2931643802273,3.7491545255909,4.73990008311935,8.48044545197066,5.23062328567196,7.30682376320757
2009-08-03,9.52901348099582,13.2937692822509,3.83123516691047,4.74341516774305,8.85666351161159,5.23497720950728,7.32648206148151
2009-08-04,9.54152653363025,13.300379681442,3.69663027635606,4.7285894295014,8.6310744876904,5.05417577022568,7.26426033823107
2009-08-05,9.52450523847505,13.3074357385626,3.26870145067338,4.16531631819522,8.92483370136138,4.97035334451467,7.04726241808418
2009-08-06,9.53158033312038,13.3055516819192,3.25794549154005,4.26698989725493,8.55612746617635,5.12240884896816,7.09689525056055
2009-08-07,9.55008637288686,13.3112225332639,3.69658506835268,4.65608581287717,8.35186906628307,5.300048327764,7.30280562302891
2009-08-08,9.59103341190972,13.3079392156469,3.97178472230999,4.67702146167653,8.72006762183233,5.437668914915,7.39708954529164
2009-08-09,9.67172129686943,13.3127248365958,4.49211538891479,4.99160038751331,8.91971382153255,5.5351929519839,7.60067097237544
2009-08-10,10.5,13.3168873214294,4.78829630148495,4.88887801551556,8.7548994932648,5.8825216410516,7.8753166558963
2009-08-11,10.5,13.3102446927764,4.91383364340678,4.91089923792071,8.95325338908334,5.86672261249302,7.90034003731938
2009-08-12,10.5,13.314103498015,4.86448557730942,4.90876012574074,7.7895219879031,5.8585374106643,7.88917732234589
2009-08-13,10.5,13.3218210968555,4.45430546455793,4.81782711207362,8.78081273675941,5.84315767994017,7.78742227068544
2009-08-14,10.5,13.329222526183,3.97847610764598,4.80724252187856,8.46520623341922,5.82013058534462,7.68701434821043
2009-08-15,10.5,13.3363942595787,3.59216291790803,4.74899382280653,8.72612690861239,5.7878304802191,7.59307629610247
2009-08-16,9.63119782852926,13.3422743374864,2.91093654438539,4.62754170932041,9.08373522983562,5.74559985712698,7.2515100553697
2009-08-17,9.56589106666567,13.3477113146025,2.74971732943477,4.35157795834258,9.06019544086239,5.69107004758727,7.14119354332657
2009-08-18,9.53041688940792,13.351156015315,2.62048107753361,2.94168814837791,8.95968404007953,5.60544466170063,6.80983735846701
2009-08-19,9.54217006399772,13.3496702951631,2.67125546765479,3.62952701188278,8.64907964350098,5.40845941396132,6.92021645053194
2009-08-20,9.55956552761792,13.3429020461152,2.83285369569488,3.68446459750119,8.71924092297391,5.06934279391896,6.89782573216962
2009-08-21,9.58642140609933,13.3460605208315,3.01348205950303,4.52179699798993,8.59187076743563,4.85540200329337,7.06463259754343
2009-08-22,9.70190308497412,13.3282411592426,3.60997865306294,4.64355522019315,7.88863615551782,5.24770027592553,7.30627567867967
2009-08-23,10.5,13.3229151494477,3.86975862910371,4.66836375198899,7.99789277351895,5.28980442073909,7.53016839025591
2009-08-24,10.5,13.3266140470925,4.04826783969775,4.68516151586602,8.70076894231119,5.28947583215473,7.5699038469622
2009-08-25,10.5,13.3306912070216,4.2190229163628,4.68870939332391,8.67673651443138,5.31624926930583,7.61093455720282
2009-08-26,10.5,13.3342139659165,4.35808484979394,5.43975339743643,8.80898373221066,5.42328051065234,7.81106654475985
2009-08-27,10.5,13.3064155746985,4.6324418827982,5.57579165916052,8.81383370474974,5.69773270697436,7.94247636472632
2009-08-28,10.5,13.2998096047859,4.98005012319539,5.63134652748334,8.99065887435309,5.98427130111822,8.07909551131657
2009-08-29,10.5,13.307019210377,5.62642309041224,6.50044188496681,9.82017251043059,6.32666825540352,8.4521104882319
2009-08-30,10.5,13.2841624946567,6.17132108278118,6.59472532880125,9.15257412276672,6.67422926936197,8.64488763512021
2009-08-31,10.5,13.2748128638352,6.65877962172013,6.73233084730821,9.99467388083599,6.69091688410268,8.77136804339324
2010-06-01,9.4021047420731,8.28360561937464,2.58070674151829,3.57449241087046,3.60519266215029,3.45639218052063,5.45946033887142
2010-06-02,9.40209941622948,8.2983490092935,2.63599855544835,3.49515018173882,6.49450944235465,3.47721199196944,5.46176183093592
2010-06-03,9.34461353995131,8.29761343787025,2.53331301442304,3.59386631044526,5.77558171334945,3.50049682357924,5.45398062525382
2010-06-04,9.24728512793118,8.31011018815527,2.52310399189536,3.54962788229908,4.7590967736756,3.57450815326113,5.4409270687084
2010-06-05,9.18744492704021,8.30731919920409,2.53463863368718,3.65191810602826,3.45999946378549,3.58249484721489,5.45276314263492
2010-06-06,9.10380237426524,8.30821560305392,2.66023492967182,4.38972635769981,6.52424931188334,3.68987678921802,5.63037121078176
2010-06-07,9.30999288404396,8.30756484772552,2.85765250364732,4.68038014225705,5.52921702495842,4.46978846987778,5.92507576951033
2010-06-08,9.57557352678405,8.30320392378547,3.59892216622375,5.27657832127139,7.87386907876844,5.75028741097705,6.50091306980834
2010-06-09,9.71320491291007,13.0540886785028,3.75343559180101,5.13837957782296,7.26234337309649,5.72494874613748,7.47681150143487
2010-06-10,9.82897872507169,13.1135570787982,3.88360765340343,5.5455641101052,9.2610229403293,5.67836349427508,7.61001421233073
2010-06-11,10.5,13.103968366217,4.17074681241259,5.54330296857659,9.21602322321159,5.64545894872341,7.79269541918592
2010-06-12,10.5,13.1539405780334,4.27327583650671,5.54188333765829,9.40061885244194,5.61499809461709,7.8168195693631
2010-06-13,10.5,13.1936671924387,4.22675199622262,5.41237103208118,9.19338025836576,5.5738256625945,7.7813231766674
2010-06-14,10.5,13.2116254208321,4.18296038321445,5.40837062636663,8.40152359086188,5.49385838684845,7.75936296345231
2010-06-15,10.5,13.2330499841243,3.87833122453886,5.34338873392958,10.5310112654876,5.09065132952663,7.60908425442388
2010-06-16,9.68531957364439,13.2116452105703,2.76301016752898,5.22966360269438,8.99853128766052,4.37961949741942,7.05385161037149
2010-06-17,9.80160204348365,13.2182124514847,2.72800393358252,4.70360858528078,10.9323670422404,3.98670123862448,6.88762565049123
2010-06-18,10.5,13.1409916705286,2.74624245279647,4.70055957628313,8.98259210179736,3.87907826199194,6.99337439232003
2010-06-19,8.88123567720235,13.1632004422511,2.27947994579599,4.6612592415848,8.82919672102481,3.6389561166282,6.52482628469248
2010-06-20,8.83583974591826,13.170895576697,1.97414536828808,3.55251099754736,9.37312327142603,3.74453088108863,6.25558451390787
2010-06-21,8.21618805574079,13.1665841730152,2.0954094931192,3.26839142956327,8.60334012965454,3.72543285400204,6.0944012010881
2010-06-22,8.21358202107458,13.1759861478692,2.32187530148157,2.89790478967889,8.75791549791519,3.66504201294118,6.05487805460908
2010-06-23,8.24208113649709,13.1994046142174,2.43705471695981,3.63240759976459,10.2902101142082,3.5930630866862,6.22080223082502
2010-06-24,8.35171137308891,13.1690083392305,2.55812455589692,4.26333219557335,8.65632800027907,3.72247723454739,6.41293073966741
2010-06-25,8.41036394971744,13.1451429909771,2.67948476585624,4.03426932069481,8.52907673605692,3.8799844224881,6.42984908994674
2010-06-26,8.46002881753867,13.1649620009396,2.75470426620716,3.96301037957056,11.0051658792483,3.96624873888618,6.46179084062844
2010-06-27,8.56696061622086,13.1804981758512,2.89575283968417,4.25890006437286,10.4025611653998,4.17742012788202,6.61590636480223
2010-06-28,8.66182138213011,13.2011138085707,3.10669750616493,4.49541969869692,7.05328342924256,4.2766041585639,6.74833131082532
2010-06-29,8.52653695118486,13.1585058684399,2.90936123457287,4.35274211966204,7.90989125360949,4.44040671835238,6.67751057844241
2010-06-30,8.55281012422417,13.1605114011755,2.88914300367357,4.60817760304042,10.375455240661,4.73734623255078,6.7895976729329
2010-07-01,8.78699286207606,13.1521552189938,3.66654519714907,5.36604293321478,8.40169607606875,5.48530405535021,7.29140805335679
2010-07-02,9.23847126003685,13.1405107047033,3.96131518100565,5.46669149646691,10.8850911950157,5.79743881017929,7.5208854904784
2010-07-03,9.42804930358766,13.1477102649561,4.37868803758901,5.4559557329737,8.40686528369215,5.72628334995535,7.62733733781236
2010-07-04,9.45706763832559,13.1715517336927,4.34739183272912,5.43286613093478,10.8351428623483,5.52675508150943,7.58712648343833
2010-07-05,9.40094032167531,13.1749114391964,3.66857506312771,5.3771893399712,9.39682761836562,5.0656886386859,7.33746096053131
2010-07-06,9.33812987626466,13.1916552960721,1.91634566477472,5.28876363357143,10.9598958546573,4.67004877617863,6.88098864937231
2010-07-07,9.23505942452515,13.198485844332,1.74152149297794,5.14348123068256,9.91285712410122,4.24013746230422,6.71173709096437
2010-07-08,9.14539548208781,13.2180434738265,1.76451110140203,2.5882961765236,9.64828909474817,3.95758099368481,6.13476544550495
2010-07-09,9.07475904611088,13.230769357225,1.94945375361882,3.38190134083029,8.96069365006948,3.6385275484831,6.25508220925361
2010-07-10,9.13415990137223,13.2229852869952,2.57896746943286,3.65429608022761,7.8839206123632,3.90847833273767,6.49977741415312
2010-07-11,9.36174507206273,13.2342199063436,2.80111295266028,3.66127163690881,10.0610381058166,4.01537259763066,6.61474443312122
2010-07-12,9.41308730320381,13.2470489616967,2.88047477449825,3.61997278164255,7.18746434732996,3.93076446339485,6.61826965688723
2010-07-13,9.26017571539699,13.2574127192824,2.88210881292484,3.70245207281151,8.93925178544835,4.08587719595024,6.6376053032732
2010-07-14,9.40293053392039,13.2531549881896,2.99460035799497,3.85378016711699,10.0289755880337,4.28122007109918,6.75713722366422
2010-07-15,9.49039596102168,13.2648545647262,3.35246562355681,3.8361085732425,10.2737983768276,4.30367459991579,6.84949986449259
2010-07-16,9.52065964364553,13.2757044055888,3.38156859371466,3.92270769298914,7.24363153460913,4.25640123775468,6.87140831473857
2010-07-17,9.56709504416876,13.2702917774571,3.13237183577621,4.39200788788905,10.455040439566,4.37822765662207,6.94799884038263
2010-07-18,9.59451862962645,13.2604659821779,2.95862107394281,4.54010816216051,8.8513409634485,4.6382525592497,6.99839328143147
2010-07-19,9.62457688781116,13.2488180160403,3.1805888596828,4.59889026743951,8.20985684381855,4.72847361493218,7.0762695291812
2010-07-20,9.68112784559711,13.2510875691746,3.44744278639645,4.58868621064367,7.97060331318935,4.72249140714223,7.13816716379082
2010-07-21,9.72791610476868,13.2597298525399,3.51036308471852,4.55496604568486,7.52730938173477,4.69285271767888,7.14916556107817
2010-07-22,9.78336819557258,13.2691675370411,3.54396595375001,4.73413425747631,10.580276762497,4.78964678380728,7.22405654552946
2010-07-23,10.5,13.2465801068634,3.79562780111331,5.0872468793237,7.52349213286619,5.13387766070634,7.55266648960134
2010-07-24,10.5,13.2557879818271,4.10488893222013,5.13174888321389,9.24181704261682,5.27956544983301,7.65439824941884
2010-07-25,10.5,13.2635020582233,4.28795953858932,5.14133855177661,8.43467738312977,5.1687928914011,7.67231860799806
2010-07-26,9.90496163527626,13.2541642298059,4.0174058543882,5.4466101036182,10.8530447069953,5.65377845112746,7.65538405484321
2010-07-27,10.5,13.2270950751575,3.91111629097408,5.35063489331759,9.21130487608039,5.95851943335478,7.78947313856079
2010-07-28,10.5,13.2327848581149,4.30928590153112,5.13869703237476,11.3455379315202,5.83985248937725,7.80412405627961
2010-07-29,10.5,13.2367642478066,4.40774237906601,5.50807823652819,10.9988675273601,5.78779645825595,7.88807626433135
2010-07-30,10.5,13.2302809445911,4.35231015990956,5.5979230618268,10.8697891696565,5.84045559100235,7.90419395146597
2010-07-31,10.5,13.2355786580608,4.54668695644938,5.59538536509768,11.0448818612985,5.87780091836449,7.95109037959447
2010-08-01,10.5,13.2478773365986,4.68531798978788,5.56623651782673,11.1457503144542,5.86076784573046,7.97203993798874
2010-08-02,10.5,13.2591924039336,4.7615367893354,5.55411607046841,11.0767033555351,5.8249841798852,7.97996588872452
2010-08-03,10.5,13.2660826505456,4.83142667948771,5.62865138680834,11.1571627814424,5.8160866780678,8.0084494789819
2010-08-04,10.5,13.2579272608954,4.8606036894851,5.59574060303609,11.2667815897698,5.78794319185239,8.0004429490538
2010-08-05,10.5,13.2511907038761,4.75792913733726,5.60598349399246,11.2222839427362,5.71592002374065,7.9662046717893
2010-08-06,9.97528715805466,13.2572810828503,4.31582232733262,5.22371085199525,11.4075072690789,5.61324630919215,7.67706954588499
2010-08-07,10.5,13.2473487613698,3.75364360956857,5.47480504409001,11.3877765802139,5.70771770620652,7.73670302424698
2010-08-08,10.5,13.251961612194,4.30418981841664,5.54872111044483,11.1850394685559,5.75625463533265,7.87222543527762
2010-08-09,10.5,13.2593193853304,4.67205346464851,5.62017335110102,11.4648114401689,5.77238052930068,7.96478534607613
2010-08-10,10.5,13.2548055602334,4.77555502385433,5.63544032656663,11.2542852508508,5.72217426349987,7.97759503483084
2010-08-11,10.5,13.2628829333317,4.72417045550031,5.64128833360667,11.362820348144,5.64538939462532,7.9547462234128
2010-08-12,10.5,13.2702820820219,4.28961938869044,5.60077860005595,13,5.5956657442852,7.85126916301071
2010-08-13,10.5,13.2799123046985,4.08880376714428,5.52953182098997,11.7953645976516,5.58577732348617,7.79680504326378
2010-08-14,10.5,13.2887826834827,4.57475757614708,5.10005908110338,11.641953900002,5.71714481724795,7.83614883159622
2010-08-15,10.5,13.2943322934131,4.78085219118193,5.65261423339308,11.533348252261,5.88576256823516,8.02271225724466
2010-08-16,10.5,13.2794987056707,4.9905722566954,6.35391201633452,11.6250996286262,6.19150921827947,8.26309843939602
2011-06-01,7.06619476217354,13.1365202513109,1.74414672299241,3.08802518087785,3.69271626900049,2.96526554473217,5.60003049241737
2011-06-02,7.01525482090595,13.0938198415835,2.20207074434851,3.80525615456292,4.24499038147496,5.36156646062027,6.29559360440424
2011-06-03,7.39788134057417,13.0569178175463,2.81590035643097,4.58048379545237,7.06477459277353,7.47614383333342,7.06546542866745
2011-06-04,7.90556642576458,13.0286288163724,3.58190640138714,4.53726896544896,5.51652549621335,7.38577134078889,7.2878283899524
2011-06-05,7.9702027008082,13.0376311514009,3.59261028211286,4.50790263697823,6.34072915718881,7.02091513281727,7.2258523808235
2011-06-06,7.97874628350059,13.0504272963146,3.43883006202448,4.46725869720468,5.98734486152183,2.51711439564682,6.29047534693823
2011-06-07,7.72416346369538,13.0582916194663,2.98485891794799,4.39434540638976,6.73580078264039,2.38297371218666,6.10892662393722
2011-06-08,7.69867152638918,13.0677678356718,2.2513097360776,4.26842018257962,6.65605950145847,2.27689717254219,5.91261329065208
2011-06-09,7.6646125053817,13.070684778699,1.85987407271027,4.05909057807864,6.69328184902523,2.33121343723604,5.79709507442113
2011-06-10,7.62199924093709,13.0541787641819,1.83056689946886,2.67202253086267,4.56468142131301,2.50617753976674,5.53698899504346
2011-06-11,7.59848703063702,13.0489281390721,2.36164453309724,3.64071793271867,6.37280295364497,2.77818072811756,5.88559167272852
2011-06-12,7.92113223863145,13.0494586620478,2.87348546480508,3.87964355581864,6.91008162773246,3.60832422091745,6.26640882844409
2011-06-13,8.23008804306757,13.0509159569496,3.53922220668892,4.14108306403947,6.63865730486352,3.87756483830983,6.56777482181108
2011-06-14,8.41498497869737,13.057570140921,3.6749139812548,4.56821967115041,7.04379483838443,4.29854425395737,6.8028466051962
2011-06-15,8.64410965005959,13.0540393263904,3.86692014179204,4.56163474327043,7.07919666560976,4.58600713189288,6.94254219868107
2011-06-16,8.71214170966505,13.0285502939075,3.8592244944017,4.53878167421736,5.41059378649669,4.50359882348223,6.92845939913478
2011-06-17,8.33357781798983,13.0358115957168,3.5083118280737,4.36548286043768,5.60603726964867,4.43991820256905,6.73662046095741
2011-06-18,8.49252339212919,13.0205036142589,3.22916719185169,4.10858618088196,6.65841944040181,4.40948310845901,6.65205269751616
2011-06-19,8.54078855881946,13.0185192597965,2.93493096222259,3.81688296733553,6.78270808625977,4.33353070523962,6.52893049068275
2011-06-20,8.63203425450547,13.0059382864129,2.85072092799024,3.76868020171416,5.48164888678112,4.42689531319265,6.53685379676309
2011-06-21,8.66335705922415,13.0129772281608,2.85754758601421,3.66572166783766,8.26464882002853,4.40293668092808,6.52050804443299
2011-06-22,8.51868982198587,13.0216839735766,2.77568208728807,3.63827195818484,6.40450599370967,4.31911229977037,6.45468802816115
2011-06-23,8.59781325720198,13.0295955159953,2.84419977815612,3.94307521252117,6.13615615690807,4.41354513640298,6.56564578005552
2011-06-24,8.74157482361054,13.0263799646634,3.45653560767187,4.55708950864684,6.95466117974558,4.71852061975515,6.90002010486956
2011-06-25,8.89527665801824,13.0164045168854,3.81535238917971,4.6370890716909,7.05155393173714,4.85837856971154,7.04450024109715
2011-06-26,9.20703866194798,13.006093584472,3.96287552950576,4.60876188867149,7.08348692761613,4.83417243317223,7.12378841955389
2011-06-27,9.32770618962723,13.0075459027556,3.94395519269016,4.59309908288674,7.10663269876639,4.72380837652562,7.11922294889708
2011-06-28,8.70443966233621,13.0151878645801,3.06377460985894,4.55913146972184,6.87565231659701,4.59548382607919,6.78760348651525
2011-06-29,8.50943461104992,13.0198394827109,2.27393486465699,3.86957329395667,7.10809191625266,4.44807588469111,6.42417162741313
2011-06-30,8.575606740023,12.9985708636469,2.66867532829577,4.55567928059509,6.96962678380973,4.79369946905775,6.71844633632369
2011-07-01,8.71539654778781,12.9530937834224,2.91847379650191,4.6160163821858,6.45049390334844,5.50698024927495,6.94199215183457
2011-07-02,8.84869353351168,12.9576343415891,3.52556508712233,4.61830984109902,5.45268975049065,5.52576489742034,7.09519354014849
2011-07-03,8.91617485965178,12.9702966783551,3.54137455991394,4.59320268038151,6.9151950782517,5.47964329019484,7.10013841369942
2011-07-04,9.10165140868986,12.9666228486631,3.46811399391964,4.58074604842677,6.72496735468654,5.35004093082637,7.09343504610515
2011-07-05,8.66193505106443,12.9685392376491,2.94219664741826,4.5403036263856,6.26181798404456,4.95235388615303,6.81306568973408
2011-07-06,8.68784659077088,12.9785741681163,2.6599358663329,4.39827177082459,6.02692734480247,4.74891875640437,6.6947094304898
2011-07-07,8.71638989095869,12.9852241045314,2.66343231297641,3.71813570408888,6.45757516188264,4.6669140721372,6.55001921693853
2011-07-08,8.77895095973522,12.9895858683139,2.7549874401784,3.76762320827019,5.34721253332522,4.65667952761828,6.5895654008232
2011-07-09,8.87210956713225,12.999262206861,2.84910594867853,3.70901264974464,6.4667549110564,4.60546566784846,6.60699120805298
2011-07-10,8.93544881667808,12.9944879160629,2.87657601921731,3.68845559041547,5.41528531130765,4.55043220916263,6.60908011030728
2011-07-11,9.09159139342811,13.0031532355039,2.92122296622224,3.6898166715265,6.02183742245275,4.56236550442414,6.65362995422097
2011-07-12,9.22860975976389,12.9990781378562,2.94140255235068,3.72025730684877,6.29573852856171,4.57849236760668,6.69356802488524
2011-07-13,9.12475328940483,12.9765302202245,2.91093058136532,4.01957559293369,5.41891559789492,4.64407196653374,6.73517233009242
2011-07-14,9.317884209128,12.9721255956009,3.02823180886219,4.56277968372578,5.32311198702203,4.87814670386719,6.95183360023681
2011-07-15,9.47053999076057,12.9587614074735,3.64130963434285,4.60396771450891,5.80468590644578,5.21956545650481,7.17882884071812
2011-07-16,9.52730615091042,12.965203767146,3.7982811362461,4.59885244365259,6.09506958476223,5.2651068085348,7.23095006129797
2011-07-17,9.51875865837174,12.9775179636971,3.7733426415935,4.44124964201546,6.7008467683615,5.1841659395414,7.17900696904384
2011-07-18,9.55751431871659,12.9730464440198,3.61100782790692,4.54806527001726,6.31638459684982,5.21138470486116,7.18020371310434
2011-07-19,9.59179992183685,12.9619462501167,3.50485945093732,4.47472215913032,10.5073094905315,5.13083354072718,7.13283226454966
2011-07-20,9.62743730006643,12.9655218455979,3.36024392489553,4.23563447021943,6.42206557878575,4.96576800142149,7.03092110844016
2011-07-21,9.66215100199415,12.9728781066266,3.031053276691,4.19331341859323,6.7402663568492,4.86180043826468,6.94423924843394
2011-07-22,9.62540427379776,12.9476977762271,2.73450924492423,3.92796145291538,6.77324568501909,5.02644401678847,6.85240335293059
2011-07-23,9.59191130713813,12.9498617910093,2.46061367412279,3.80458654557712,5.98477590668289,4.93046133445881,6.74748693046123
2011-07-24,9.61915867294934,12.958910770261,2.7334478655514,3.85826785000605,6.54850094729854,4.92685268142723,6.819327568039
2011-07-25,9.65230510828663,12.9663920862411,2.91119957654339,4.42484357102451,5.68485234635454,4.92241139589522,6.97543034759817
2011-07-26,9.77691108339612,12.9724694637574,3.40184554922087,4.63808943568491,6.87192322093765,5.2383080080995,7.20552470803175
2011-07-27,10.5,12.9636070268026,3.71402197618847,4.83585766798496,6.97734807232005,5.35393174905751,7.47348368400672
2011-07-28,10.5,12.9571179691208,3.90006104111073,4.85084336675352,6.78760773399559,5.44005458025764,7.52961539144853
2011-07-29,10.5,12.967084574828,4.00437390617735,4.82253555318222,6.93339485605489,5.45084833674314,7.54896847418614
2011-07-30,10.5,12.9718641200626,4.15908993077881,4.89314837894643,7.04263338969184,5.47736048265973,7.60029258248952
2011-07-31,10.5,12.9530149449603,4.1765830265064,4.89197252409037,6.92766276574049,5.49144575331991,7.6026032497754
2011-08-01,10.5,12.9586539688015,4.0691078704287,4.90083060307502,6.88060654232767,5.48774342273733,7.58326717300852
2011-08-02,10.5,12.965758113984,3.98857155982864,4.78276736747708,6.94387071549577,5.48099007120097,7.54361742249815
2011-08-03,10.5,12.9646796874273,3.92316017421352,4.73495928237543,6.97717099557383,5.48210884728307,7.52098159825987
2011-08-04,10.5,12.9721926072245,3.92055133716644,4.68609651070892,6.86323967107871,5.46990345545925,7.50974878211183
2011-08-05,10.5,12.9815897753565,3.9596315275204,4.59400361274426,6.95346770536411,5.45755994816853,7.49855697275795
2011-08-06,10.5,12.9909468188103,3.990236851043,4.64438321412842,7.0114572679393,5.43646785294114,7.51240694738458
2011-08-07,10.5,12.9755110875162,4.05246098150079,4.72586800351889,7.00439620629765,5.46300397701509,7.5433688099102
2012-06-01,6.62980425867404,13.3651931682112,2.43554684186335,3.48375535375513,3.96212919337243,3.17110439302023,5.81708080310479
2012-06-02,6.96488934403798,13.3606020894904,2.69215335347049,4.49990773455731,7.13749611537786,3.85809853063086,6.2751302104374
2012-06-03,8.23046092319608,13.3188412762901,3.3681536508074,4.53638259269094,6.53934551175266,4.52267667743281,6.79530302408347
2012-06-04,8.4019837372731,13.326438308559,3.59827711073447,5.20921577944343,7.06396083490601,4.82610263496188,7.07240351419437
2012-06-05,9.01980933562074,13.3079624622371,3.96656738980744,5.57749725038019,6.6158893211047,5.75966603380399,7.5263004943699
2012-06-06,9.52583681346599,13.2934489263391,4.54492418653531,5.58103316482665,6.95618769337093,5.72804269438043,7.7346571571095
2012-06-07,9.60150355884458,13.3102187154747,4.61120890500328,5.57637307816885,7.12200513506672,5.65062809793,7.74998647108428
2012-06-08,9.64074164035864,13.3228273054336,4.48597355687471,5.55964220814219,6.79908575362477,5.51480265314167,7.70479747279017
2012-06-09,9.60553328578056,13.3239390721402,3.85398631333038,5.52086181259295,6.7983605537217,4.83086452094243,7.4270370009573
2012-06-10,9.64625664040098,13.3118623889453,2.56280683850159,5.41920495889906,5.89291411688678,4.67810209484859,7.12364658431911
2012-06-11,8.91997532925711,13.32251311744,1.92165053782401,5.24278836514433,5.63961752791326,4.44820846472317,6.77102716287773
2012-06-12,8.84910074985653,13.3102860691807,2.33639991831962,3.59730657905133,6.82175284859654,4.47812526622098,6.51424371652582
2012-06-13,8.9676829836019,13.2855811906562,2.68106391489679,3.99654764906173,6.88639216241889,4.72523632029003,6.73122241170133
2012-06-14,9.16941181416556,13.28333305595,2.7667583298285,3.81201389493854,5.38591620337106,4.64612614232443,6.73552864744141
2012-06-15,9.29653072343983,13.2835001354555,2.73310279466671,3.69641201630278,5.284680469769,4.5455676301051,6.71102265999398
2012-06-16,9.01627281975184,13.2936584237802,2.64080132235454,3.36298121669896,5.3812492612301,4.42993360755534,6.54872947802817
2012-06-17,8.7834426176943,13.3056775964707,2.5948900827399,3.26630124410204,5.67760932107814,4.30575814807345,6.45121393781609
2012-06-18,8.83973738880963,13.3119385082453,2.73481276379394,3.54576403142397,6.47483164198654,4.32538198101141,6.55152693465685
2012-06-19,8.90019832329942,13.3143173371316,2.83232041610241,3.59812426736484,6.5645931768887,4.32652876720366,6.59429782222039
2012-06-20,8.93784842633742,13.3097115826075,2.80316160654255,3.43512995528718,6.11060553712459,4.10742116561365,6.51865454727766
2012-06-21,8.87635386463259,13.2956727128761,1.88717467608632,2.90610182213723,4.78487680079154,3.84308099729345,6.16167681460514
2012-06-22,8.81668465751948,13.2968345185354,1.78373457609825,2.89231404962495,6.39265213942727,3.74637972882585,6.10718950612079
2012-06-23,8.77274064297376,13.303389419879,1.95833828907827,3.37485838984691,4.82499968703928,3.76838167013498,6.23554168238259
2012-06-24,8.82480953067407,13.310648563147,2.53821380025379,3.53401663860266,5.07377497183669,3.93937810843862,6.42941332822322
2012-06-25,8.88131045594207,13.3167970614306,2.7790929633483,3.74961281326618,5.3669442830145,4.23264239919259,6.59189113863594
2012-06-26,9.13619023297774,13.3242188112743,3.27311667070256,4.62023563305268,5.57939706429623,4.82828365634827,7.03640900087111
2012-06-27,9.51514280473881,13.2649013804339,3.75354070162662,5.52927748181169,5.24738963846911,5.8666611350066,7.58590470072352
2012-06-28,9.66341117780777,13.2224473972036,4.45052189456385,5.45850066785972,6.81304502856745,6.57539703440712,7.87405563436841
2012-06-29,9.7229800660881,13.2249494694217,4.4519290283584,5.44365166503715,6.90544617869723,6.29493468509933,7.82768898280094
2012-06-30,9.67559171179395,13.2384990228928,4.34907076172964,5.41047681342097,6.82733061737718,5.48108032680846,7.63094372732916
2012-07-01,9.63168083834643,13.2461887765146,2.62578399048397,5.16208163147128,6.96547695112877,5.55685331378493,7.24451771012025
2012-07-02,9.66925601006848,13.2564234388737,2.77390683832923,4.61506878263531,6.5828460315064,5.5342123327271,7.16977348052677
2012-07-03,9.75467466075252,13.2674143363423,2.89054786637348,4.2691693939152,6.43262402747546,5.47650397034947,7.1316620455466
2012-07-04,9.83446675344071,13.2778324231626,2.96252707501166,4.52774314015789,6.0239204440422,5.34884624155826,7.19028312666622
2012-07-05,10.5,13.2849977961425,3.06022520815252,4.40338178719637,6.99972112170685,4.98839274508737,7.24739950731576
2012-07-06,9.79856699125246,13.2865804660191,2.88816303225826,4.36997521980524,5.89018054049909,4.87253966631268,7.04316507512956
2012-07-07,9.44962601939435,13.2984564532582,2.81616240983974,3.90770192122545,6.64179224834515,4.75831083256951,6.84605152725746
2012-07-08,9.41049998425371,13.299757422419,2.8148503426115,3.77204992367657,6.72122227345136,4.66344532198338,6.79212059898884
2012-07-09,9.49350785109639,13.2894407888689,2.92726051250355,4.10996867396704,6.76318756660328,4.82138805998703,6.92831317728458
2012-07-10,9.55414981004254,13.2915292413627,3.41971620118801,4.40014540467368,6.76555379290584,4.93483910762686,7.12007595297877
2012-07-11,9.59962040617266,13.3008900977217,3.63799873333166,4.38427324527846,6.8537057241458,4.96041413982535,7.17663932446596
2012-07-12,9.63154140938253,13.3125626539861,3.61445650883817,4.24888257545617,6.940936931145,4.88947431519963,7.13938349257251
2012-07-13,9.61777175277126,13.3210116423084,3.38684702311198,3.96760943172744,6.87625467632525,4.77865222309353,7.01437841460253
2012-07-14,9.51470582262481,13.3282317014149,3.04539807241649,3.78929872891778,6.87642917604373,4.67054436343106,6.86963573776101
2012-07-15,9.55799686570953,13.334746558355,2.99241787441027,3.76619503190757,6.07472114892867,4.61375486820366,6.85302223971721
2012-07-16,9.59033015636006,13.3403873652926,3.12720622453838,3.74528591252322,6.75171383033499,4.5607853406353,6.87279899986992
2012-07-17,9.6174563101187,13.3423937314147,3.15846376996237,3.76583399752705,6.65166497423546,4.48667644410768,6.87416485062611
2012-07-18,9.65003209827143,13.3341329146826,2.95582079853965,4.08736750506967,6.16202068430922,4.4449695572667,6.89446457476602
2012-07-19,9.6743959761898,13.3253364745982,2.91650993739511,4.37488143906976,5.6966266467276,4.56412584492262,6.9710499344351
2012-07-20,9.73377919240162,13.3285527460031,3.48062696942263,4.56406143079887,6.47844050210612,4.97139458426042,7.21568298457732
2012-07-21,9.96749147051372,13.3348112296864,3.75694754170479,4.52454760777825,6.80162990621057,5.05991877664604,7.32874332526584
2012-07-22,10.5,13.3419129060052,3.84097944653992,4.59896728333675,6.9724275654223,5.10087668184295,7.47654726354496
2012-07-23,10.5,13.3423310986005,3.94832917946298,4.65733041583172,7.50588046541036,5.23455379661352,7.53650889810174
2012-07-24,10.5,13.3322298718994,4.12050089017201,5.20424718013164,6.96250749509815,5.35931681374683,7.70325895118997
2012-07-25,10.5,13.2979895427447,4.11035262052324,5.53006631098705,7.12155993980688,5.6027378279454,7.80822926044009
2012-07-26,10.5,13.2804230427114,4.46189903804308,5.60219740651246,7.07198944721343,5.7141505142737,7.91173400030812
2012-07-27,10.5,13.2886082382485,4.7073102789055,5.61005503973336,7.12799639728781,5.71871025656491,7.96493676269046
2012-07-28,10.5,13.2958382705695,4.79542779040537,5.6183431576034,7.1073227424026,5.69708630085921,7.98133910388749
2012-07-29,10.5,13.3060300561532,4.7961200247477,5.58416381526489,7.17405121703183,5.67064933450346,7.97139264613384
2012-07-30,10.5,13.31374831011,4.76318629611358,5.58677390388093,7.18264181472711,5.63008098565344,7.95875789915158
2012-07-31,10.5,13.3221509732975,4.68800192255538,5.47819571276305,7.20480159688901,5.58379455203415,7.91442863213001
2012-08-01,10.5,13.3169795600616,4.56044140701599,4.96200213980456,7.15085267188252,5.56352878111135,7.7805903775987
2012-08-03,10.5,13.3255344190856,4.24358671535254,5.04124075739735,7.02855562413351,5.39188095454521,7.70044856927613
2012-08-04,10.5,13.3294571843268,2.98913112795678,4.9534860702244,7.02202809356618,5.26170522044595,7.40675592059079
2012-08-05,9.63169710720869,13.3368308222485,2.50997689389402,3.96950467249286,7.04844988474092,4.96513064867362,6.88262802890353
2012-08-06,9.66614511967971,13.3039210121801,2.75673212327736,4.61182619166028,7.32069497566872,5.21869612374415,7.11146411410831
2012-08-07,9.72737518153711,13.290736797395,2.95836426603083,4.59303267879773,7.14968582125855,5.31475616778921,7.17685301830997
2012-08-08,9.85415890926525,13.2996605055612,3.5118270891243,4.52583230062692,7.10408600874463,5.32299482271972,7.30289472545949
2012-08-09,10.5,13.3084787331362,3.62976767617486,4.37612918475968,7.08750490482532,5.29069912216426,7.42101494324699
2012-08-10,10.5,13.3163946074334,3.67886183826395,4.66272562610858,7.23950825576899,5.34395449128078,7.50038731261735
2012-08-11,10.5,13.3153381374513,3.84865465078957,4.71890180793293,7.17726546713416,5.41612567844572,7.55980405492391
2012-08-12,10.5,13.3134375105789,3.99112185548991,5.00772559229727,7.24081503044591,5.45149786353589,7.65275656438039
2012-08-13,10.5,13.3140477134065,4.24956265001502,5.39418370872233,7.09725330581129,5.49233983634437,7.79002678169764
2012-08-14,10.5,13.317290831,4.43042398901821,5.3263623425329,7.09480765080839,5.5220375447906,7.81922294146833
2012-08-15,10.5,13.3237788724041,4.57497946772243,5.55428150235085,7.13692483036016,5.60550153633332,7.91170827576215
2012-08-16,10.5,13.3290333525853,4.76857064870127,5.47016350618724,7.02448900808523,5.92573215472292,7.99869993243934
2012-08-17,10.5,13.329746192374,4.87179692176315,5.56308759807825,7.20929661247389,5.9284256321663,8.03861126887634
2012-08-18,10.5,13.3310867446595,4.93941600850237,5.59468871021994,7.32466977005075,5.98609424718769,8.0702571421139
2012-08-19,10.5,13.3356550348941,5.00499744095395,5.6248082831526,7.24027641804738,6.03528379663075,8.10014891112627
2012-08-20,10.5,13.3403798276842,5.22122641983647,5.63770431819264,10.1879805517384,6.17515779798651,8.17489367273997
2013-06-01,6.31162445626732,13.576569339692,1.18908674060316,1.64499543031866,1.05,3.11380975615339,5.1672171446069
2013-06-02,6.16796925437254,13.5712080843525,1.37450010754194,2.40747786776715,3.55578338938803,3.70811060634975,5.44585318407679
2013-06-03,5.95488431635134,13.5650884980466,1.59935437329592,2.51876349762402,4.71525144399647,4.2590950777779,5.57943715261916
2013-06-04,5.63209418972648,13.5603587066683,1.80850427847321,3.32312478203097,4.56418380236951,4.76611783557857,5.81803995849551
2013-06-05,5.73687695741136,13.5533894955552,2.55933620090988,3.26026211045087,3.92991426461917,5.2303116214387,6.06803527715321
2013-06-06,5.81369319707717,13.5493301379681,2.61535663989788,3.36369360351426,4.95520489927216,4.97164952223908,6.0627446201393
2013-06-07,6.11600665855059,13.5455601716722,2.72653602946105,3.70254342129433,6.54139049372553,4.80650023878641,6.17942930395291
2013-06-08,6.50890015738021,13.5408157261881,3.25911952683557,4.39276302141168,6.79593742205767,4.77708476135233,6.49573663863358
2013-06-09,6.60154900155391,13.5335339889363,3.4178192254127,4.20008467162639,5.471102526154,4.62019716864724,6.47463681123531
2013-06-10,6.6316133125454,13.5283148540901,3.15320951018997,3.95563229756041,5.75934899350779,4.54964903817783,6.36368380251273
2013-06-11,6.6669552602063,13.5252920306536,2.89541892417972,4.41918008840616,7.13169193185661,4.52695708153879,6.40676067699692
2013-06-12,6.77209432926322,13.5212898512043,3.19578274406049,5.36329552448314,7.21595249066155,4.63742435371117,6.69797736054446
2013-06-13,7.26665533673064,13.5042378325836,3.54405726459054,5.43458100661408,7.12726294156481,5.46314392257602,7.04253507261897
2013-06-14,7.46148117704586,13.5021069557016,3.68906402119869,5.53335544106588,7.13010300508344,5.4151036602663,7.12022225105567
2013-06-15,7.55970845650447,13.4948230224314,3.66651875245527,5.51866161554993,6.85129850822115,4.95605194270986,7.03915275793019
2013-06-16,7.58544564444463,13.4897422420567,2.86119329326381,5.49423501542751,7.40592191299845,4.85003846885444,6.85613093280942
2013-06-17,7.60989197832218,13.4865043848481,2.74888308152978,5.43689587358733,9.54572188880767,4.77795932380096,6.81202692841766
2013-06-18,6.63617129117417,13.481518151616,2.63221888635792,5.33421003347674,7.1035233849511,4.72739830340081,6.56230333320513
2013-06-19,6.68128830409406,13.4810817152191,2.61678489179008,5.1494039709705,7.46305767722505,4.57090637572114,6.49989305155898
2013-06-20,6.75390329778529,13.4782834011967,2.70586621572245,3.30191764198052,6.47072809129175,4.42973017873656,6.1339401470843
2013-06-21,6.81890418383491,13.4777814437861,2.65082417324451,2.84163740458996,7.09677447505694,4.13675445825669,5.98518033274243
2013-06-22,6.98361117236336,13.476683722984,2.55185024616079,2.84804523537994,7.02604022900249,3.8952020274945,5.95107848087651
2013-06-23,7.19353841631902,13.4743508544689,2.45477325648115,2.90388080478011,6.04621070463933,3.74151461239316,5.95361158888846
2013-06-24,7.04866822082819,13.47067529945,2.21536856783864,3.1219325558104,6.68474933216926,3.60472727288592,5.89227438336262
2013-06-25,6.90470569442367,13.4647225278877,1.96637554526343,3.04658503990937,6.43836119220228,3.58633993480369,5.79374574845757
2013-06-26,6.82643304960342,13.4609817033666,2.16859481108663,3.3650872940783,4.69199976872942,3.60095075120732,5.88440952186846
2013-06-27,6.94207431848127,13.4599943686965,2.43347031267657,3.31048181908308,4.8617318640398,3.58371389041252,5.94594694186999
2013-06-28,7.21782390066991,13.4606804586429,2.60798478124305,3.63327488336021,5.47873677449287,3.74723178568524,6.13339916192025
2013-06-29,7.43289124872979,13.4541505516908,2.78958741173546,3.68725276023288,5.33939038344356,3.88373098202161,6.24952259088212
2013-06-30,7.49254157849099,13.4460294228617,2.79218735918876,3.6624653451312,5.68392307443218,3.97928650602074,6.27450204233869
2013-07-01,7.54986791975923,13.4439315241512,2.79459700220297,3.72322157668192,5.25643281226928,3.98151071287032,6.29862574713313
2013-07-02,7.58047147217344,13.4445283543213,2.89955516284643,3.99298606170185,5.12124601933736,4.013732595395,6.38625472928761
2013-07-03,7.59396910550597,13.440987842472,2.99235149877534,4.19560959801913,5.00202182507332,4.0396799782617,6.45251960460683
2013-07-04,7.61705333390903,13.4339514561273,2.90905267569837,4.16939214987579,5.11592654881202,3.98926664008364,6.42374325113882
2013-07-05,7.60636033726422,13.4319251104456,2.4653564530363,3.91820320319274,4.60504708892239,3.86483160840808,6.25733534246939
2013-07-06,5.95914402671573,13.4285145799505,2.1081974763744,3.64213931696999,3.65840767249932,3.79860203686879,5.78731948737588
2013-07-07,6.25987988352521,13.4251857358556,2.28914293449065,3.60034063697193,4.06397637257265,3.80259331212864,5.87542850059441
2013-07-08,6.40189677572942,13.4258639393726,2.52607989947427,3.6090311976437,3.60594614222923,3.81323139700855,5.95522064184571
2013-07-09,6.48288475655392,13.4278526672995,2.64081755591808,3.59108878386185,4.86010136513329,3.79929215259268,5.98838718324521
2013-07-10,6.5639177642249,13.4304424057802,2.75274412624751,3.6724371253492,5.25416356639567,3.87956303420324,6.05982089116102
2013-07-11,6.61208277833907,13.4240682014077,2.8264507065019,3.67198426286347,5.04906664308921,3.92382575370989,6.0916823405644
2013-07-12,6.63379584377528,13.4209085481469,2.83515353235309,3.70132908401233,4.84628242002024,3.94191483237923,6.10662036813337
2013-07-13,6.68459021311429,13.4194596890925,2.90748086442234,3.78687768559737,5.18680333199354,4.17181803586569,6.19404529761843
2013-07-14,6.75483610338743,13.4203979882767,3.06292932952007,3.76554564474493,5.1340211642816,4.18075262724315,6.23689233863445
2013-07-15,6.82088406692441,13.4205099959968,2.97857588530122,3.66544707146739,4.85316151792809,4.06662915694792,6.19040923532754
2013-07-16,6.93267752176627,13.4204255182424,2.74246827435268,3.62501976380715,4.77902613864324,4.026308084553,6.1493798325443
2013-07-17,7.15759880722942,13.4185532815466,2.72187578262552,3.48889901559081,4.90665202728484,4.00510036941502,6.15840545128148
2013-07-18,7.26156848514436,13.418886505676,2.68516101687252,3.3624517595908,5.04297962491794,3.95346267442509,6.13630608834176
2013-07-19,7.37972044633268,13.4191315085085,2.6534115278129,3.55604533796186,4.97439224556255,3.93418606067086,6.18849897625737
2013-07-20,7.44183177330609,13.4137060342163,2.73248090548418,3.7655158859551,5.15957280402549,4.34520289314951,6.33974749842223
2013-07-21,7.51823008901021,13.4002197593494,2.87265726445936,3.7731633998896,5.15927591778275,4.52951692006394,6.4187574865545
2013-07-22,7.57128557834972,13.4013545613164,3.10111929587107,3.83569170334016,5.20053727091446,4.5367355643442,6.48923734064431
2013-07-23,7.58672032409005,13.4037137521977,3.39890442965731,4.37558576301216,5.32740479040933,4.90374729289747,6.73373431237093
2013-07-24,7.61587243514759,13.4048340154396,3.6832382573625,4.44583806979864,5.24289380258276,4.93829837653632,6.81761623085694
2013-07-25,7.65896897291221,13.4038688100014,3.80215643671634,4.60211057620619,6.44571124883328,5.00044704200572,6.89351036756838
2013-07-26,7.76043924991233,13.4034845388195,4.04033107611642,4.65915384272858,6.28148018390191,5.08753147664553,6.99018803684446
2013-07-27,7.98349649397446,13.4027476986611,4.42972125076712,4.65797829791894,6.39891627104358,5.05705843424559,7.10620043511345
2013-07-28,8.24052474386916,13.4043291506723,4.44134809923847,4.58610307656693,6.92593565505529,5.01824089067203,7.13810919220378
2013-07-29,8.38628750865971,13.4049096300865,4.28451047427,4.46125597570524,6.77541783160422,5.06011889859727,7.11941649746375
2013-07-30,8.46944836352356,13.4058172151733,4.11076499440812,4.58198131242954,6.54536511519936,5.11755628494521,7.13711363409596
2013-07-31,8.54246325049662,13.4045585404603,4.10383948397413,4.59324069906754,5.88044914641736,5.16778653927731,7.16237770265518
2013-08-01,8.55137520381314,13.4063772534768,4.28523590152828,4.68985269672195,6.72643004310651,5.16584050469152,7.21973631204635
2013-08-02,8.56759076215779,13.4044104707311,4.51041496358661,4.75511455511749,6.50105908591457,5.21248005684044,7.29000216168669
2013-08-03,8.59741498027788,13.4021262435524,4.62814060706363,5.26943473450987,6.01090742627356,5.2265445364298,7.42473222036671
2013-08-04,8.65205149944168,13.3989173895706,4.77691074236969,5.51696226901279,6.7911513608449,5.88105152079472,7.64517868423789
2013-08-05,8.77500016514893,13.3973233195062,4.94083442051125,5.63909867164611,7.22448329984604,6.06926674187038,7.76430466373657
2013-08-06,9.32352828012565,13.3911991373772,5.46594224767551,5.65374302442981,7.01176909930095,6.18440909910292,8.00376435774221
2013-08-07,9.46260912210601,13.3944054072091,5.67293413657242,5.638099472343,7.0265694732069,6.22435312349467,8.07848025234504
2013-08-08,9.51264209351874,13.3948254100088,5.77094523796636,6.15492115480941,7.04937044674929,6.2811237407899,8.22289152741864
2013-08-09,9.51862034212356,13.3875115303949,5.89436201021952,6.53628006783769,7.21296737240591,6.45271011129174,8.35789681237348
2013-08-10,9.5256708851325,13.3817800928428,6.10863430908581,6.54036671372801,7.00317110265036,6.49179492939387,8.4096493860366
2013-08-11,9.53329387190625,13.3781442101062,6.23799667330945,6.48816563236885,7.14475235407201,6.49274176904148,8.42606843134644
2013-08-12,9.55535699219241,13.3802864389654,6.21185869703197,6.48727252547888,7.1058731689517,6.48604415703428,8.42416376214058
2013-08-13,9.58609249298113,13.3835024140376,6.13521497058291,6.3748837952985,7.10036978604665,6.49170071377478,8.39427887733498
2013-08-14,9.69272034186861,13.3836214978291,6.18599496330494,6.62522193074569,7.07401609816828,6.54380693778276,8.48627313430622
2013-08-19,10.5,13.3850711545674,7.02721783097932,6.81157861958704,8.27964321049194,6.68005679116877,8.8807848792605
2014-06-09,7.58304864571077,13.1726835854047,2.50293626284025,3.4857864425165,7.52994757185401,3.94239362323121,6.13736971194069
2014-06-10,7.57287032825168,13.1899562209434,2.53217567661497,3.43431344710014,6.50117482552348,3.8070687638775,6.10727688735753
2014-06-11,7.58924384295416,13.2061193421368,2.58777977759729,3.61032583276001,5.13654827276469,3.72089068733469,6.14287189655658
2014-06-12,7.6274375263683,13.19034304927,2.78187849913904,4.1476285217396,5.3073858271899,4.13548637525434,6.37655479435426
2014-06-14,7.96094366616145,13.1638784496352,3.68220554832299,4.48500674727221,6.65206704939462,4.75767943747518,6.8099427697734
2014-06-18,7.62682567884936,13.162807107511,2.00199698499507,3.99755195553805,7.08257349791412,4.37066052609989,6.23196845059867
2014-06-19,6.73530385084212,13.0611370887156,2.4334221423327,3.96626142634648,6.82478267951709,4.85764758057768,6.21075441776291
2014-06-29,7.62960524056219,13.1607166750808,2.65559601406407,4.160620336464,6.96291812613972,5.0921183926575,6.53973133176572
2014-07-22,9.51406884197051,13.1971405266347,3.90434383874277,4.49685511275445,8.23474696259887,5.36434845672923,7.29535135536633
2014-07-24,9.52203217247306,13.1837067129695,3.25217544785364,4.56957876975886,7.14322881402202,5.07417600780016,7.12033382217103
2014-07-25,9.5289349332109,13.17288014942,3.52172424699633,4.62163039654776,7.39539312613588,5.24766336685879,7.21856661860676
2014-07-26,9.53947744356051,13.1804703068324,3.79618223995288,4.67117993753363,7.31107539163936,5.40074314043951,7.31761061366378
2014-07-27,9.56899783023774,13.1783457863884,3.98882886171856,5.37649844158168,7.10844112259257,5.73386776183875,7.56930773635303
2014-07-28,9.65288711282167,13.1417988166283,4.54037891623524,5.57325580471406,7.28687754942995,6.1317009390547,7.80800431789079
2014-07-29,10.5,13.1343189891494,4.78561764403607,5.62959401700963,7.41426715560473,6.28405387628569,8.06671690529615
2014-07-30,10.5,13.1188874850929,4.9365365237667,5.63158392791745,7.4541918692792,6.38454932112616,8.11431145158065
2014-07-31,10.5,13.1391913390414,5.13121861063066,5.65699844815782,7.35054426162944,6.43073548524534,8.17162877661503
2014-08-01,10.5,13.1384568636405,5.26342211397439,5.66927663978745,7.59956160314935,6.45310876369078,8.20485287621862
2014-08-02,10.5,13.1466396355276,5.30414266806709,5.6430989970427,7.49152614133017,6.43553581382378,8.20588342289222
2014-08-03,10.5,13.1606231288848,5.24336301450358,5.65368508953083,7.5139101033231,6.39535957439098,8.19060616146203
2014-08-04,10.5,13.1787027484944,5.05091352489353,5.65932794528524,7.22442471055194,6.36894731022573,8.15157830577978
2014-08-05,10.5,13.1935224925313,4.60134014171272,5.64253243960135,7.30849294638278,6.33600111064162,8.0546792368974
2014-08-06,10.5,13.2069644960912,3.69739972052241,5.60945182092945,7.98584896012512,6.28324481746299,7.85941217100121
2014-08-07,10.5,13.212849298781,3.7093981029622,4.86785117004763,7.70165942050957,5.93275658863404,7.64457103208497
2014-08-08,10.5,13.2100019267642,3.9694815209235,4.79037773390695,7.64788266735948,5.8833639214629,7.67064502061151
2014-08-09,10.5,13.1950162355419,4.62858755741008,4.93480885282985,7.63647295906497,5.96540859252408,7.84476424766119
2014-08-10,10.5,13.2016312785648,4.79279845038547,4.9480934953135,7.88082010588958,5.91188695767503,7.87088203638776
2014-08-11,10.5,13.2143529732821,4.82987318964613,4.987950329818,7.59213909102993,5.88188833634715,7.88281296581867
2014-08-12,10.5,13.2284958255276,4.63859113407524,4.79703370221133,7.57576001524504,5.84762928829017,7.80234999002087
2014-08-13,10.5,13.2121138823493,4.59932495389175,6.3491330180041,9,6.42459985853417,8.21703434255587
2014-08-14,10.5,13.0260578600934,5.05609378570169,6.56754380749713,9,6.98644810317548,8.42722871129354
2014-08-15,10.5,12.9494856927339,5.76384707337007,6.63844436663638,9,6.99974818595886,8.57030506373984
2014-08-16,10.5,12.95899209734,6.20064564850458,6.65803129673109,9,7.21460782984533,8.7064553744842
